school_id,stage,reason,candidate_info,top_candidates
edb_114707000123,小學,"No CHSC match","NEW TERRITORIES WOMEN & JUVENILES WELFARE ASSOCIATION LTD. LEUNG SING TAK PRIMARY SCHOOL | 新界婦孺福利會有限公司梁省德學校 | 大埔區","新界婦孺福利會梁省德學校(0.625); NTWJWA Ltd. Leung Sing Tak Primary School(0.333); 新界婦孺福利會基督教銘恩小學(0.273)"
edb_519162000233,中學,"No CHSC match","CARITAS CHAN CHUN HA FIELD STUDIES CENTRE | 明愛陳震夏郊野學園 | 離島區","Caritas Fanling Chan Chun Ha Secondary School(0.500); Caritas Yuen Long Chan Chun Ha Secondary School(0.444); CUHKFAA Chan Chun Ha Secondary School(0.375)"
edb_171026000133,中學,"No CHSC match","PO LEUNG KUK VICWOOD K.T. CHONG SIXTH FORM COLLEGE | 保良局莊啓程預科書院 | 油尖旺區","Po Leung Kuk Wu Chung College(0.273); Po Leung Kuk Ngan Po Ling College(0.273); Po Leung Kuk Tang Yuk Tien College(0.250)"
edb_517160000233,中學,"No CHSC match","HO KOON NATURE EDUCATION CUM ASTRONOMICAL CENTRE | 可觀自然教育中心暨天文館 | 荃灣區","FDBWA Szeto Ho Secondary School(0.111); Buddhist Fat Ho Memorial College(0.100); Buddhist Ho Nam Kam College(0.100)"
edb_519162000133,中學,"No CHSC match","CARITAS CHAN CHUN HA FIELD STUDIES CENTRE | 明愛陳震夏郊野學園 | 離島區","Caritas Fanling Chan Chun Ha Secondary School(0.500); Caritas Yuen Long Chan Chun Ha Secondary School(0.444); CUHKFAA Chan Chun Ha Secondary School(0.375)"
edb_250627000133,中學,"No CHSC match","CARITAS LOK JUN SCHOOL (SECONDARY SECTION) | 明愛樂進學校(中學部) | 沙田區","九龍塘學校（中學部）(0.462); 瑪利諾修院學校（中學部）(0.400); Kowloon Tong School (Secondary Section)(0.375)"
edb_250627000123,小學,"No CHSC match","CARITAS LOK JUN SCHOOL (PRIMARY SECTION) | 明愛樂進學校(小學部) | 沙田區","九龍塘學校（小學部）(0.462); 聖保祿學校（小學部）(0.462); 瑪利諾修院學校（小學部）(0.400)"
edb_250490000133,中學,"No CHSC match","HONG CHI MORNINGLIGHT SCHOOL, YUEN LONG (SECONDARY SECTION) | 匡智元朗晨曦學校(中學部) | 元朗區","九龍塘學校（中學部）(0.400); Ju Ching Chu Secondary School (Yuen Long)(0.364); 瑪利諾修院學校（中學部）(0.353)"
edb_250490000123,小學,"No CHSC match","HONG CHI MORNINGLIGHT SCHOOL, YUEN LONG (PRIMARY SECTION) | 匡智元朗晨曦學校(小學部) | 元朗區","TWGHs Yiu Dak Chi Memorial Primary School (Yuen Long)(0.417); 九龍塘學校（小學部）(0.400); 聖保祿學校（小學部）(0.400)"
edb_250368000123,小學,"No CHSC match","CARITAS RESURRECTION SCHOOL (PRIMARY SECTION) | 明愛樂群學校(小學部) | 沙田區","九龍塘學校（小學部）(0.462); 聖保祿學校（小學部）(0.462); St. Louis School (Primary Section)(0.429)"
edb_250368000133,中學,"No CHSC match","CARITAS RESURRECTION SCHOOL (SECONDARY SECTION) | 明愛樂群學校(中學部) | 沙田區","九龍塘學校（中學部）(0.462); Kowloon Tong School (Secondary Section)(0.429); Maryknoll Convent School (Secondary Section)(0.429)"
edb_250317000233,中學,"No CHSC match","HONG CHI MORNINGJOY SCHOOL, YUEN LONG (SECONDARY SECTION) | 匡智元朗晨樂學校(中學部) | 元朗區","九龍塘學校（中學部）(0.400); Ju Ching Chu Secondary School (Yuen Long)(0.364); 瑪利諾修院學校（中學部）(0.353)"
edb_250317000223,小學,"No CHSC match","HONG CHI MORNINGJOY SCHOOL, YUEN LONG (PRIMARY SECTION) | 匡智元朗晨樂學校(小學部) | 元朗區","TWGHs Yiu Dak Chi Memorial Primary School (Yuen Long)(0.417); 九龍塘學校（小學部）(0.400); 聖保祿學校（小學部）(0.400)"
edb_114448000133,中學,"No CHSC match","SAM SHUI NATIVES ASSOCIATION LAU PUN CHEUNG SCHOOL (SECONDARY SECTION) | 三水同鄉會劉本章學校(中學部) | 葵青區","九龍塘學校（中學部）(0.353); 瑪利諾修院學校（中學部）(0.316); 西貢崇真天主教學校（中學部）(0.286)"
edb_114448000123,小學,"No CHSC match","SAM SHUI NATIVES ASSOCIATION LAU PUN CHEUNG SCHOOL (PRIMARY SECTION) | 三水同鄉會劉本章學校(小學部) | 葵青區","九龍塘學校（小學部）(0.353); 聖保祿學校（小學部）(0.353); 瑪利諾修院學校（小學部）(0.316)"
edb_114227000223,小學,"No CHSC match","HKSYC&IA CHAN NAM CHONG MEMORIAL SCHOOL (PRIMARY SECTION) | 香港四邑商工總會陳南昌紀念學校(小學部) | 葵青區","香港四邑商工總會新會商會學校(0.333); P.L.K. Mrs. Chan Nam Chong Memorial Primary School(0.286); 九龍塘學校（小學部）(0.273)"
edb_114227000233,中學,"No CHSC match","HKSYC&IA CHAN NAM CHONG MEMORIAL SCHOOL (SECONDARY SECTION) | 香港四邑商工總會陳南昌紀念學校(中學部) | 葵青區","HKSYC & IA Chan Nam Chong Memorial College(0.700); 香港四邑商工總會陳南昌紀念中學(0.650); 香港四邑商工總會黃棣珊紀念中學(0.375)"
edb_250139000133,中學,"No CHSC match","SAHK B M KOTEWALL MEMORIAL SCHOOL (SECONDARY SECTION) | 香港耀能協會羅怡基紀念學校(中學部) | 葵青區","Kowloon Tong School (Secondary Section)(0.300); Maryknoll Convent School (Secondary Section)(0.300); 九龍塘學校（中學部）(0.300)"
edb_250139000123,小學,"No CHSC match","SAHK B M KOTEWALL MEMORIAL SCHOOL (PRIMARY SECTION) | 香港耀能協會羅怡基紀念學校(小學部) | 葵青區","St. Louis School (Primary Section)(0.300); Maryknoll Convent School (Primary Section)(0.300); Kowloon Tong School (Primary Section)(0.300)"
edb_250309000133,中學,"No CHSC match","ROTARY CLUB OF HONG KONG ISLAND WEST HONG CHI MORNINGHOPE SCHOOL (SECONDARY SECTION) | 香港西區扶輪社匡智晨輝學校(中學部) | 東區","九龍塘學校（中學部）(0.300); The True Light School of Hong Kong(0.286); 瑪利諾修院學校（中學部）(0.273)"
edb_250309000123,小學,"No CHSC match","ROTARY CLUB OF HONG KONG ISLAND WEST HONG CHI MORNINGHOPE SCHOOL (PRIMARY SECTION) | 香港西區扶輪社匡智晨輝學校(小學部) | 東區","The True Light School of Hong Kong, Primary and Kindergarten Section(0.375); Chiu Yang Primary School of Hong Kong(0.357); 九龍塘學校（小學部）(0.300)"
edb_250244000433,中學,"No CHSC match","HONG CHI PINEHILL SCHOOL (SECONDARY SECTION) | 匡智松嶺學校(中學部) | 大埔區","九龍塘學校（中學部）(0.462); 瑪利諾修院學校（中學部）(0.400); Kowloon Tong School (Secondary Section)(0.375)"
edb_250244000423,小學,"No CHSC match","HONG CHI PINEHILL SCHOOL (PRIMARY SECTION) | 匡智松嶺學校(小學部) | 大埔區","九龍塘學校（小學部）(0.462); 聖保祿學校（小學部）(0.462); 瑪利諾修院學校（小學部）(0.400)"
edb_260215002023,小學,"No CHSC match","HONG KONG RED CROSS HOSPITAL SCHOOLS (PRIMARY SECTION) | 香港紅十字會醫院學校(小學部) | 九龍城區","瑪利諾修院學校（小學部）(0.389); 九龍塘學校（小學部）(0.353); 聖保祿學校（小學部）(0.353)"
edb_260339000123,小學,"No CHSC match","CARITAS PELLETIER SCHOOL (PRIMARY SECTION) | 明愛培立學校(小學部) | 黃大仙區","九龍塘學校（小學部）(0.462); 聖保祿學校（小學部）(0.462); St. Louis School (Primary Section)(0.429)"
edb_608491000133,中學,"No CHSC match","CARITAS MOTHER TERESA SCHOOL | 明愛樂恩學校 | 觀塘區","St. Teresa Secondary School(0.250); Caritas St. Joseph Secondary School(0.200); Caritas Wu Cheng-Chung College(0.167)"
edb_260215001133,中學,"No CHSC match","HONG KONG RED CROSS HOSPITAL SCHOOLS (SECONDARY SECTION) | 香港紅十字會醫院學校(中學部) | 深水埗區","瑪利諾修院學校（中學部）(0.389); 九龍塘學校（中學部）(0.353); 西貢崇真天主教學校（中學部）(0.286)"
edb_260215000723,小學,"No CHSC match","HONG KONG RED CROSS HOSPITAL SCHOOLS (PRIMARY SECTION) | 香港紅十字會醫院學校(小學部) | 葵青區","瑪利諾修院學校（小學部）(0.389); 九龍塘學校（小學部）(0.353); 聖保祿學校（小學部）(0.353)"
edb_260215000733,中學,"No CHSC match","HONG KONG RED CROSS HOSPITAL SCHOOLS (SECONDARY SECTION) | 香港紅十字會醫院學校(中學部) | 葵青區","瑪利諾修院學校（中學部）(0.389); 九龍塘學校（中學部）(0.353); 西貢崇真天主教學校（中學部）(0.286)"
edb_250384000323,小學,"No CHSC match","HONG CHI PINEHILL NO.2 SCHOOL (PRIMARY SECTION) | 匡智松嶺第二校(小學部) | 大埔區","九龍塘學校（小學部）(0.333); 聖保祿學校（小學部）(0.333); St. Louis School (Primary Section)(0.300)"
edb_250384000333,中學,"No CHSC match","HONG CHI PINEHILL NO.2 SCHOOL | 匡智松嶺第二校 | 大埔區","Ning Po No. 2 College(0.286); Buddhist Tai Kwong Chi Hong College(0.250); Yan Chai Hospital No. 2 Secondary School(0.250)"
edb_250473000323,小學,"No CHSC match","HAVEN OF HOPE SUNNYSIDE SCHOOL (PRIMARY SECTION) | 靈實恩光學校(小學部) | 西貢區","九龍塘學校（小學部）(0.462); 聖保祿學校（小學部）(0.462); 瑪利諾修院學校（小學部）(0.400)"
edb_250473000333,中學,"No CHSC match","HAVEN OF HOPE SUNNYSIDE SCHOOL (SECONDARY SECTION) | 靈實恩光學校(中學部) | 西貢區","九龍塘學校（中學部）(0.462); 瑪利諾修院學校（中學部）(0.400); 西貢崇真天主教學校（中學部）(0.353)"
edb_260215001123,小學,"No CHSC match","HONG KONG RED CROSS HOSPITAL SCHOOLS (PRIMARY SECTION) | 香港紅十字會醫院學校(小學部) | 深水埗區","瑪利諾修院學校（小學部）(0.389); 九龍塘學校（小學部）(0.353); 聖保祿學校（小學部）(0.353)"
edb_250732000223,小學,"No CHSC match","HONG CHI MORNINGHOPE SCHOOL, TUEN MUN (PRIMARY SECTION) | 匡智屯門晨輝學校(小學部) | 屯門區","九龍塘學校（小學部）(0.400); 聖保祿學校（小學部）(0.400); 瑪利諾修院學校（小學部）(0.353)"
edb_250449000233,中學,"No CHSC match","EVANGELIZE CHINA FELLOWSHIP HOLY WORD SCHOOL (SECONDARY SECTION) | 基督教中國佈道會聖道學校(中學部) | 觀塘區","基督教中國佈道會聖道迦南書院(0.450); 九龍塘學校（中學部）(0.316); Kowloon Tong School (Secondary Section)(0.300)"
edb_250449000223,小學,"No CHSC match","EVANGELIZE CHINA FELLOWSHIP HOLY WORD SCHOOL (PRIMARY SECTION) | 基督教中國佈道會聖道學校(小學部) | 觀塘區","九龍塘學校（小學部）(0.316); 聖保祿學校（小學部）(0.316); St. Louis School (Primary Section)(0.300)"
edb_250546000133,中學,"No CHSC match","TUNG WAH GROUP OF HOSPITALS KWAN FONG KAI CHI SCHOOL (SECONDARY SECTION) | 東華三院群芳啓智學校(中學部) | 深水埗區","九龍塘學校（中學部）(0.353); 瑪利諾修院學校（中學部）(0.316); Tung Wah Group of Hospitals Lo Kon Ting Memorial College(0.313)"
edb_250546000123,小學,"No CHSC match","TUNG WAH GROUP OF HOSPITALS KWAN FONG KAI CHI SCHOOL (PRIMARY SECTION) | 東華三院群芳啓智學校(小學部) | 深水埗區","九龍塘學校（小學部）(0.353); 聖保祿學校（小學部）(0.353); 瑪利諾修院學校（小學部）(0.316)"
edb_250228000223,小學,"No CHSC match","PO LEUNG KUK ANITA L.L. CHAN (CENTENARY) SCHOOL (PRIMARY SECTION) | 保良局陳麗玲(百周年)學校(小學部) | 九龍城區","Po Leung Kuk Chan Yat Primary School(0.364); Po Leung Kuk Lam Man Chan English Primary School(0.308); 九龍塘學校（小學部）(0.300)"
edb_250228000233,中學,"No CHSC match","PO LEUNG KUK ANITA L.L. CHAN (CENTENARY) SCHOOL (SECONDARY SECTION) | 保良局陳麗玲(百周年)學校(中學部) | 九龍城區","九龍塘學校（中學部）(0.300); Po Leung Kuk Centenary Li Shiu Chung Memorial College(0.286); Po Leung Kuk Tong Nai Kan Junior Secondary College(0.286)"
edb_250422000233,中學,"No CHSC match","TSEUNG KWAN O PUI CHI SCHOOL (SECONDARY SECTION) | 將軍澳培智學校(中學部) | 西貢區","Heung To Secondary School (Tseung Kwan O)(0.500); 九龍塘學校（中學部）(0.429); 瑪利諾修院學校（中學部）(0.375)"
edb_250422000223,小學,"No CHSC match","TSEUNG KWAN O PUI CHI SCHOOL (PRIMARY SECTION) | 將軍澳培智學校(小學部) | 西貢區","九龍塘學校（小學部）(0.429); 聖保祿學校（小學部）(0.429); 瑪利諾修院學校（小學部）(0.375)"
edb_250627000233,中學,"No CHSC match","CARITAS LOK JUN SCHOOL (SECONDARY SECTION) | 明愛樂進學校(中學部) | 沙田區","九龍塘學校（中學部）(0.462); 瑪利諾修院學校（中學部）(0.400); Kowloon Tong School (Secondary Section)(0.375)"
edb_250627000223,小學,"No CHSC match","CARITAS LOK JUN SCHOOL (PRIMARY SECTION) | 明愛樂進學校(小學部) | 沙田區","九龍塘學校（小學部）(0.462); 聖保祿學校（小學部）(0.462); 瑪利諾修院學校（小學部）(0.400)"
edb_250147000123,小學,"No CHSC match","SAVIOUR LUTHERAN SCHOOL (PRIMARY SECTION) | 路德會救主學校(小學部) | 深水埗區","St. Louis School (Primary Section)(0.429); Maryknoll Convent School (Primary Section)(0.429); Kowloon Tong School (Primary Section)(0.429)"
edb_250147000133,中學,"No CHSC match","SAVIOUR LUTHERAN SCHOOL (SECONDARY SECTION) | 路德會救主學校(中學部) | 深水埗區","Kowloon Tong School (Secondary Section)(0.429); Maryknoll Convent School (Secondary Section)(0.429); 九龍塘學校（中學部）(0.429)"
edb_250589000333,中學,"No CHSC match","HONG CHI MORNINGHILL SCHOOL, TUEN MUN (SECONDARY SECTION) | 匡智屯門晨崗學校(中學部) | 屯門區","九龍塘學校（中學部）(0.400); Ju Ching Chu Secondary School (Tuen Mun)(0.364); 瑪利諾修院學校（中學部）(0.353)"
edb_250589000323,小學,"No CHSC match","HONG CHI MORNINGHILL SCHOOL, TUEN MUN (PRIMARY SECTION) | 匡智屯門晨崗學校 (小學部) | 屯門區","九龍塘學校（小學部）(0.400); 聖保祿學校（小學部）(0.400); 瑪利諾修院學校（小學部）(0.353)"
edb_260150000123,小學,"No CHSC match","HONG CHI LIONS MORNINGHILL SCHOOL (PRIMARY SECTION) | 匡智獅子會晨崗學校(小學部) | 灣仔區","九龍塘學校（小學部）(0.375); 聖保祿學校（小學部）(0.375); St. Louis School (Primary Section)(0.333)"
edb_260150000133,中學,"No CHSC match","HONG CHI LIONS MORNINGHILL SCHOOL (SECONDARY SECTION) | 匡智獅子會晨崗學校(中學部) | 灣仔區","九龍塘學校（中學部）(0.375); Kowloon Tong School (Secondary Section)(0.333); Maryknoll Convent School (Secondary Section)(0.333)"
edb_618276000133,中學,"No CHSC match","TWGHS CHI-LI PAO SCHOOL (SECONDARY SECTION) | 東華三院包玉星學校(中學部) | 油尖旺區","九龍塘學校（中學部）(0.375); Kowloon Tong School (Secondary Section)(0.333); Maryknoll Convent School (Secondary Section)(0.333)"
edb_618276000123,小學,"No CHSC match","TWGHS CHI-LI PAO SCHOOL (PRIMARY SECTION) | 東華三院包玉星學校(小學部) | 油尖旺區","TWGHs Li Chi Ho Primary School(0.375); 九龍塘學校（小學部）(0.375); 聖保祿學校（小學部）(0.375)"
edb_250538000123,小學,"No CHSC match","RHENISH CHURCH GRACE SCHOOL (PRIMARY SECTION) | 禮賢會恩慈學校(小學部) | 黃大仙區","九龍塘學校（小學部）(0.429); 聖保祿學校（小學部）(0.429); St. Louis School (Primary Section)(0.375)"
edb_250732000233,中學,"No CHSC match","HONG CHI MORNINGHOPE SCHOOL, TUEN MUN (SECONDARY SECTION) | 匡智屯門晨輝學校(中學部) | 屯門區","九龍塘學校（中學部）(0.400); Ju Ching Chu Secondary School (Tuen Mun)(0.364); 瑪利諾修院學校（中學部）(0.353)"
edb_260266000133,中學,"No CHSC match","SAHK KO FOOK IU MEMORIAL SCHOOL (SECONDARY SECTION) | 香港耀能協會高福耀紀念學校(中學部) | 沙田區","Kowloon Tong School (Secondary Section)(0.300); Maryknoll Convent School (Secondary Section)(0.300); 九龍塘學校（中學部）(0.300)"
edb_250589000123,小學,"No CHSC match","HONG CHI MORNINGHILL SCHOOL, TUEN MUN (PRIMARY SECTION) | 匡智屯門晨崗學校(小學部) | 屯門區","九龍塘學校（小學部）(0.400); 聖保祿學校（小學部）(0.400); 瑪利諾修院學校（小學部）(0.353)"
edb_250031000123,小學,"No CHSC match","HONG KONG RED CROSS JOHN F. KENNEDY CENTRE (PRIMARY SECTION) | 香港紅十字會甘迺迪中心(小學部) | 南區","The True Light School of Hong Kong, Primary and Kindergarten Section(0.250); Chiu Yang Primary School of Hong Kong(0.214); 漢華中學（小學部）(0.211)"
edb_250031000133,中學,"No CHSC match","HONG KONG RED CROSS JOHN F. KENNEDY CENTRE (SECONDARY SECTION) | 香港紅十字會甘迺迪中心(中學部) | 南區","Hong Kong Red Swastika Society Tai Po Secondary School(0.214); 九龍塘學校（中學部）(0.200); Hong Kong Sea School(0.182)"
edb_250325000323,小學,"No CHSC match","HONG KONG CHRISTIAN SERVICE PUI OI SCHOOL (PRIMARY SECTION) | 香港基督教服務處培愛學校(小學部) | 屯門區","The True Light School of Hong Kong, Primary and Kindergarten Section(0.357); Chiu Yang Primary School of Hong Kong(0.333); 九龍塘學校（小學部）(0.316)"
edb_250325000333,中學,"No CHSC match","HONG KONG CHRISTIAN SERVICE PUI OI SCHOOL (SECONDARY SECTION) | 香港基督教服務處培愛學校(中學部) | 屯門區","九龍塘學校（中學部）(0.316); 瑪利諾修院學校（中學部）(0.286); YMCA of Hong Kong Christian College(0.273)"
edb_250538000133,中學,"No CHSC match","RHENISH CHURCH GRACE SCHOOL (SECONDARY SECTION) | 禮賢會恩慈學校(中學部) | 黃大仙區","九龍塘學校（中學部）(0.429); Kowloon Tong School (Secondary Section)(0.375); Maryknoll Convent School (Secondary Section)(0.375)"
edb_260142000133,中學,"No CHSC match","HONG KONG RED CROSS PRINCESS ALEXANDRA SCHOOL (SECONDARY SECTION) | 香港紅十字會雅麗珊郡主學校(中學部) | 觀塘區","九龍塘學校（中學部）(0.300); Kowloon Tong School (Secondary Section)(0.273); Maryknoll Convent School (Secondary Section)(0.273)"
edb_250333000323,小學,"No CHSC match","SAHK JOCKEY CLUB ELAINE FIELD SCHOOL (PRIMARY SECTION) | 香港耀能協會賽馬會田綺玲學校(小學部) | 大埔區","St. Louis School (Primary Section)(0.300); Maryknoll Convent School (Primary Section)(0.300); Kowloon Tong School (Primary Section)(0.300)"
edb_250341000123,小學,"No CHSC match","EBENEZER NEW HOPE SCHOOL (PRIMARY SECTION) | 心光恩望學校(小學部) | 南區","九龍塘學校（小學部）(0.462); 聖保祿學校（小學部）(0.462); 瑪利諾修院學校（小學部）(0.400)"
edb_250201000123,小學,"No CHSC match","CHOI JUN SCHOOL (PRIMARY SECTION) | 才俊學校(小學部) | 沙田區","九龍塘學校（小學部）(0.545); 聖保祿學校（小學部）(0.545); 瑪利諾修院學校（小學部）(0.462)"
edb_250619000223,小學,"No CHSC match","PO LEUNG KUK LAW'S FOUNDATION SCHOOL (PRIMARY SECTION) | 保良局羅氏信託學校(小學部) | 元朗區","九龍塘學校（小學部）(0.375); 聖保祿學校（小學部）(0.375); St. Paul's Convent School (Primary Section)(0.333)"
edb_260142000123,小學,"No CHSC match","HONG KONG RED CROSS PRINCESS ALEXANDRA SCHOOL (PRIMARY SECTION) | 香港紅十字會雅麗珊郡主學校(小學部) | 觀塘區","The True Light School of Hong Kong, Primary and Kindergarten Section(0.357); Chiu Yang Primary School of Hong Kong(0.333); Canossa School (Hong Kong)(0.300)"
edb_250201000133,中學,"No CHSC match","CHOI JUN SCHOOL (SECONDARY SECTION) | 才俊學校(中學部) | 沙田區","九龍塘學校（中學部）(0.545); 瑪利諾修院學校（中學部）(0.462); Kowloon Tong School (Secondary Section)(0.429)"
edb_250333000333,中學,"No CHSC match","SAHK JOCKEY CLUB ELAINE FIELD SCHOOL (SECONDARY SECTION) | 香港耀能協會賽馬會田綺玲學校(中學部) | 大埔區","Kowloon Tong School (Secondary Section)(0.300); Maryknoll Convent School (Secondary Section)(0.300); 九龍塘學校（中學部）(0.286)"
edb_250236000123,小學,"No CHSC match","THE CHURCH OF CHRIST IN CHINA KEI SHUN SPECIAL SCHOOL (PRIMARY SECTION) | 中華基督教會基順學校(小學部) | 觀塘區","The Church of Christ in China Kei Tsz Primary School(0.500); 中華基督教會基灣小學(0.438); 中華基督教會基法小學(0.438)"
edb_250236000133,中學,"No CHSC match","THE CHURCH OF CHRIST IN CHINA KEI SHUN SPECIAL SCHOOL (SECONDARY SECTION) | 中華基督教會基順學校(中學部) | 觀塘區","中華基督教會基道中學(0.438); 中華基督教會基朗中學(0.438); 中華基督教會基協中學(0.438)"
edb_250465000323,小學,"No CHSC match","CARITAS JOCKEY CLUB LOK YAN SCHOOL (PRIMARY SECTION) | 明愛賽馬會樂仁學校(小學部) | 深水埗區","九龍塘學校（小學部）(0.375); 聖保祿學校（小學部）(0.375); 瑪利諾修院學校（小學部）(0.333)"
edb_250619000233,中學,"No CHSC match","PO LEUNG KUK LAW'S FOUNDATION SCHOOL (SECONDARY SECTION) | 保良局羅氏信託學校(中學部) | 元朗區","九龍塘學校（中學部）(0.375); 瑪利諾修院學校（中學部）(0.333); 保良局羅氏基金中學(0.313)"
edb_250465000333,中學,"No CHSC match","CARITAS JOCKEY CLUB LOK YAN SCHOOL (SECONDARY SECTION) | 明愛賽馬會樂仁學校(中學部) | 深水埗區","九龍塘學校（中學部）(0.375); 瑪利諾修院學校（中學部）(0.333); Kowloon Tong School (Secondary Section)(0.300)"
edb_250651000133,中學,"No CHSC match","HONG CHI MORNINGLIGHT SCHOOL, TUEN MUN (SECONDARY SECTION) | 匡智屯門晨曦學校(中學部) | 屯門區","九龍塘學校（中學部）(0.400); Ju Ching Chu Secondary School (Tuen Mun)(0.364); 瑪利諾修院學校（中學部）(0.353)"
edb_250082000133,中學,"No CHSC match","MARY ROSE SCHOOL (SECONDARY SECTION) | 天保民學校(中學部) | 九龍城區","九龍塘學校（中學部）(0.500); Kowloon Tong School (Secondary Section)(0.429); Maryknoll Convent School (Secondary Section)(0.429)"
edb_250651000123,小學,"No CHSC match","HONG CHI MORNINGLIGHT SCHOOL, TUEN MUN (PRIMARY SECTION) | 匡智屯門晨曦學校(小學部) | 屯門區","九龍塘學校（小學部）(0.400); 聖保祿學校（小學部）(0.400); 瑪利諾修院學校（小學部）(0.353)"
edb_250082000123,小學,"No CHSC match","MARY ROSE SCHOOL (PRIMARY SECTION) | 天保民學校(小學部) | 九龍城區","九龍塘學校（小學部）(0.500); 聖保祿學校（小學部）(0.500); St. Louis School (Primary Section)(0.429)"
edb_250074000233,中學,"No CHSC match","HONG KONG RED CROSS MARGARET TRENCH SCHOOL (SECONDARY SECTION) | 香港紅十字會瑪嘉烈戴麟趾學校(中學部) | 黃大仙區","九龍塘學校（中學部）(0.286); Kowloon Tong School (Secondary Section)(0.273); Maryknoll Convent School (Secondary Section)(0.273)"
edb_250074000223,小學,"No CHSC match","HONG KONG RED CROSS MARGARET TRENCH SCHOOL (PRIMARY SECTION) | 香港紅十字會瑪嘉烈戴麟趾學校(小學部) | 黃大仙區","The True Light School of Hong Kong, Primary and Kindergarten Section(0.357); Chiu Yang Primary School of Hong Kong(0.333); Canossa School (Hong Kong)(0.300)"
edb_250520000233,中學,"No CHSC match","BUDDHIST TO CHI FAT SHE YEUNG YAT LAM MEMORIAL SCHOOL (SECONDARY SECTION) | 道慈佛社楊日霖紀念學校(中學部) | 元朗區","九龍塘學校（中學部）(0.333); 瑪利諾修院學校（中學部）(0.300); 西貢崇真天主教學校（中學部）(0.273)"
edb_250503000123,小學,"No CHSC match","TUNG WAH GROUP OF HOSPITALS TSUI TSIN TONG SCHOOL (PRIMARY SECTION) | 東華三院徐展堂學校(小學部) | 南區","九龍塘學校（小學部）(0.375); 聖保祿學校（小學部）(0.375); Kowloon Tong School (Primary Section)(0.333)"
edb_260320000123,小學,"No CHSC match","MARYCOVE SCHOOL (PRIMARY SECTION) | 瑪利灣學校(小學部) | 南區","瑪利諾修院學校（小學部）(0.538); St. Louis School (Primary Section)(0.500); Maryknoll Convent School (Primary Section)(0.500)"
edb_112526000123,小學,"No CHSC match","SHATIN PUBLIC SCHOOL (PRIMARY SECTION) | 沙田公立學校(小學部) | 沙田區","九龍塘學校（小學部）(0.462); 聖保祿學校（小學部）(0.462); St. Louis School (Primary Section)(0.429)"
edb_250406000233,中學,"No CHSC match","PO LEUNG KUK MR. & MRS. CHAN PAK KEUNG TSING YI SCHOOL (SECONDARY SECTION) | 保良局陳百強伉儷青衣學校(中學部) | 葵青區","九龍塘學校（中學部）(0.316); 瑪利諾修院學校（中學部）(0.286); 西貢崇真天主教學校（中學部）(0.261)"
edb_250503000133,中學,"No CHSC match","TUNG WAH GROUP OF HOSPITALS TSUI TSIN TONG SCHOOL (SECONDARY SECTION) | 東華三院徐展堂學校(中學部) | 南區","九龍塘學校（中學部）(0.375); Tung Wah Group of Hospitals Lo Kon Ting Memorial College(0.333); Kowloon Tong School (Secondary Section)(0.333)"
edb_250406000223,小學,"No CHSC match","PO LEUNG KUK MR. & MRS. CHAN PAK KEUNG TSING YI SCHOOL (PRIMARY SECTION) | 保良局陳百強伉儷青衣學校(小學部) | 葵青區","九龍塘學校（小學部）(0.316); 聖保祿學校（小學部）(0.316); 瑪利諾修院學校（小學部）(0.286)"
edb_112526000133,中學,"No CHSC match","SHATIN PUBLIC SCHOOL (SECONDARY SECTION) | 沙田公立學校(中學部) | 沙田區","九龍塘學校（中學部）(0.462); Kowloon Tong School (Secondary Section)(0.429); Maryknoll Convent School (Secondary Section)(0.429)"
edb_250163000123,小學,"No CHSC match","SOCIETY OF BOYS' CENTRES CHAK YAN CENTRE SCHOOL (PRIMARY SECTION) | 香港扶幼會則仁中心學校(小學部) | 深水埗區","九龍塘學校（小學部）(0.333); 聖保祿學校（小學部）(0.333); 瑪利諾修院學校（小學部）(0.300)"
edb_250341000133,中學,"No CHSC match","EBENEZER NEW HOPE SCHOOL (SECONDARY SECTION) | 心光恩望學校(中學部) | 南區","九龍塘學校（中學部）(0.462); 瑪利諾修院學校（中學部）(0.400); Kowloon Tong School (Secondary Section)(0.375)"
edb_250350000123,小學,"No CHSC match","THE SALVATION ARMY SHEK WU SCHOOL (PRIMARY SECTION) | 救世軍石湖學校(小學部) | 北區","九龍塘學校（小學部）(0.429); 聖保祿學校（小學部）(0.429); 瑪利諾修院學校（小學部）(0.375)"
edb_250350000133,中學,"No CHSC match","THE SALVATION ARMY SHEK WU SCHOOL (SECONDARY SECTION) | 救世軍石湖學校(中學部) | 北區","九龍塘學校（中學部）(0.429); 瑪利諾修院學校（中學部）(0.375); Kowloon Tong School (Secondary Section)(0.333)"
edb_250376000133,中學,"No CHSC match","PO LEUNG KUK YU LEE MO FAN MEMORIAL SCHOOL (SECONDARY SECTION) | 保良局余李慕芬紀念學校(中學部) | 東區","九龍塘學校（中學部）(0.333); Po Leung Kuk Lee Shing Pik College(0.308); 瑪利諾修院學校（中學部）(0.300)"
edb_250457000233,中學,"No CHSC match","CARITAS LOK KAN SCHOOL (SECONDARY SECTION) | 明愛樂勤學校(中學部) | 元朗區","九龍塘學校（中學部）(0.462); 瑪利諾修院學校（中學部）(0.400); Kowloon Tong School (Secondary Section)(0.375)"
edb_250376000123,小學,"No CHSC match","PO LEUNG KUK YU LEE MO FAN MEMORIAL SCHOOL (PRIMARY SECTION) | 保良局余李慕芬紀念學校(小學部) | 東區","九龍塘學校（小學部）(0.333); 聖保祿學校（小學部）(0.333); The Endeavourers Leung Lee Sau Yu Memorial Primary School(0.308)"
edb_250457000223,小學,"No CHSC match","CARITAS LOK KAN SCHOOL (PRIMARY SECTION) | 明愛樂勤學校(小學部) | 元朗區","九龍塘學校（小學部）(0.462); 聖保祿學校（小學部）(0.462); 瑪利諾修院學校（小學部）(0.400)"
edb_250163000133,中學,"No CHSC match","SOCIETY OF BOYS' CENTRES CHAK YAN CENTRE SCHOOL (SECONDARY SECTION) | 香港扶幼會則仁中心學校(中學部) | 深水埗區","九龍塘學校（中學部）(0.333); 瑪利諾修院學校（中學部）(0.300); 西貢崇真天主教學校（中學部）(0.273)"
edb_250520000223,小學,"No CHSC match","BUDDHIST TO CHI FAT SHE YEUNG YAT LAM MEMORIAL SCHOOL (PRIMARY SECTION) | 道慈佛社楊日霖紀念學校(小學部) | 元朗區","九龍塘學校（小學部）(0.333); 聖保祿學校（小學部）(0.333); 瑪利諾修院學校（小學部）(0.300)"
edb_250112000133,中學,"No CHSC match","HONG CHI MORNINGHILL SCHOOL, TSUI LAM (SECONDARY SECTION) | 匡智翠林晨崗學校(中學部) | 西貢區","九龍塘學校（中學部）(0.400); 瑪利諾修院學校（中學部）(0.353); 西貢崇真天主教學校（中學部）(0.316)"
edb_250112000123,小學,"No CHSC match","HONG CHI MORNINGHILL SCHOOL, TSUI LAM (PRIMARY SECTION) | 匡智翠林晨崗學校(小學部) | 西貢區","九龍塘學校（小學部）(0.400); 聖保祿學校（小學部）(0.400); 瑪利諾修院學校（小學部）(0.353)"
edb_260339000133,中學,"No CHSC match","CARITAS PELLETIER SCHOOL (SECONDARY SECTION) | 明愛培立學校(中學部) | 黃大仙區","九龍塘學校（中學部）(0.462); Kowloon Tong School (Secondary Section)(0.429); Maryknoll Convent School (Secondary Section)(0.429)"
edb_260282000133,中學,"No CHSC match","HONG KONG JUVENILE CARE CENTRE CHAN NAM CHEONG MEMORIAL SCHOOL | 香港青少年培育會陳南昌紀念學校 | 南區","香港四邑商工總會陳南昌紀念中學(0.273); Hong Kong Taoist Association Tang Hin Memorial Secondary School(0.231); HKSYC & IA Chan Nam Chong Memorial College(0.231)"
edb_260320000133,中學,"No CHSC match","MARYCOVE SCHOOL (SECONDARY SECTION) | 瑪利灣學校(中學部) | 南區","瑪利諾修院學校（中學部）(0.538); Kowloon Tong School (Secondary Section)(0.500); Maryknoll Convent School (Secondary Section)(0.500)"
edb_260290000123,小學,"No CHSC match","LUTHERAN SCHOOL FOR THE DEAF (PRIMARY SECTION) | 路德會啓聾學校(小學部) | 葵青區","九龍塘學校（小學部）(0.429); 聖保祿學校（小學部）(0.429); St. Louis School (Primary Section)(0.375)"
edb_250279000123,小學,"No CHSC match","HONG CHI WINIFRED MARY CHEUNG MORNINGHOPE SCHOOL (PRIMARY SECTION) | 匡智張玉瓊晨輝學校(小學部) | 葵青區","九龍塘學校（小學部）(0.375); 聖保祿學校（小學部）(0.375); 瑪利諾修院學校（小學部）(0.333)"
edb_250279000133,中學,"No CHSC match","HONG CHI WINIFRED MARY CHEUNG MORNINGHOPE SCHOOL (SECONDARY SECTION) | 匡智張玉瓊晨輝學校(中學部) | 葵青區","九龍塘學校（中學部）(0.375); 瑪利諾修院學校（中學部）(0.333); 西貢崇真天主教學校（中學部）(0.300)"
edb_260290000133,中學,"No CHSC match","LUTHERAN SCHOOL FOR THE DEAF (SECONDARY SECTION) | 路德會啓聾學校(中學部) | 葵青區","九龍塘學校（中學部）(0.429); Kowloon Tong School (Secondary Section)(0.375); Maryknoll Convent School (Secondary Section)(0.375)"
edb_260037000133,中學,"No CHSC match","EBENEZER SCHOOL (SECONDARY SECTION) | 心光學校(中學部) | 南區","九龍塘學校（中學部）(0.545); Kowloon Tong School (Secondary Section)(0.500); Maryknoll Convent School (Secondary Section)(0.500)"
edb_260037000123,小學,"No CHSC match","EBENEZER SCHOOL (PRIMARY SECTION) | 心光學校(小學部) | 南區","九龍塘學校（小學部）(0.545); 聖保祿學校（小學部）(0.545); St. Louis School (Primary Section)(0.500)"
edb_260304000223,小學,"No CHSC match","SOCIETY OF BOYS' CENTRES SHING TAK CENTRE SCHOOL (PRIMARY SECTION) | 香港扶幼會盛德中心學校(小學部) | 觀塘區","九龍塘學校（小學部）(0.333); 聖保祿學校（小學部）(0.333); 瑪利諾修院學校（小學部）(0.300)"
edb_260304000233,中學,"No CHSC match","SOCIETY OF BOYS' CENTRES SHING TAK CENTRE SCHOOL (SECONDARY SECTION) | 香港扶幼會盛德中心學校(中學部) | 觀塘區","九龍塘學校（中學部）(0.333); 瑪利諾修院學校（中學部）(0.300); 西貢崇真天主教學校（中學部）(0.273)"
edb_250600000333,中學,"No CHSC match","HHCKLA BUDDHIST PO KWONG SCHOOL (SECONDARY SECTION) | 香海正覺蓮社佛教普光學校(中學部) | 北區","香海正覺蓮社佛教正覺中學(0.444); 香海正覺蓮社佛教梁植偉中學(0.400); Kowloon Tong School (Secondary Section)(0.333)"
edb_250481000133,中學,"No CHSC match","THE JOCKEY CLUB HONG CHI SCHOOL (SECONDARY SECTION) | 賽馬會匡智學校(中學部) | 灣仔區","九龍塘學校（中學部）(0.429); 瑪利諾修院學校（中學部）(0.375); Kowloon Tong School (Secondary Section)(0.333)"
edb_250392000223,小學,"No CHSC match","THE CHURCH OF CHRIST IN CHINA, MONGKOK CHURCH KAI OI SCHOOL (PRIMARY SECTION) | 中華基督教會望覺堂啟愛學校(小學部) | 深水埗區","The Church of Christ in China Kei Tsz Primary School(0.385); 瑪利諾神父教會學校（小學部）(0.304); 中華基督教會基灣小學(0.300)"
edb_250392000233,中學,"No CHSC match","THE CHURCH OF CHRIST IN CHINA, MONGKOK CHURCH KAI OI SCHOOL (SECONDARY SECTION) | 中華基督教會望覺堂啟愛學校(中學部) | 深水埗區","九龍塘學校（中學部）(0.300); 中華基督教會扶輪中學(0.300); 中華基督教會基道中學(0.300)"
edb_250481000123,小學,"No CHSC match","THE JOCKEY CLUB HONG CHI SCHOOL (PRIMARY SECTION) | 賽馬會匡智學校(小學部) | 灣仔區","九龍塘學校（小學部）(0.429); 聖保祿學校（小學部）(0.429); 瑪利諾修院學校（小學部）(0.375)"
edb_324574000223,小學,"No CHSC match","THE MENTAL HEALTH ASSOCIATION OF HONG KONG - CORNWALL SCHOOL (PRIMARY SECTION) | 香港心理衞生會-臻和學校(小學部) | 深水埗區","The True Light School of Hong Kong, Primary and Kindergarten Section(0.429); Chiu Yang Primary School of Hong Kong(0.417); 九龍塘學校（小學部）(0.316)"
edb_250635000133,中學,"No CHSC match","CARITAS LOK YI SCHOOL (SECONDARY SECTION) | 明愛樂義學校(中學部) | 東區","九龍塘學校（中學部）(0.462); 瑪利諾修院學校（中學部）(0.400); Kowloon Tong School (Secondary Section)(0.375)"
edb_250635000123,小學,"No CHSC match","CARITAS LOK YI SCHOOL (PRIMARY SECTION) | 明愛樂義學校(小學部) | 東區","九龍塘學校（小學部）(0.462); 聖保祿學校（小學部）(0.462); 瑪利諾修院學校（小學部）(0.400)"
edb_250210000233,中學,"No CHSC match","SOCIETY OF BOYS' CENTRES - HUI CHUNG SING MEMORIAL SCHOOL (SECONDARY SECTION) | 香港扶幼會-許仲繩紀念學校(中學部) | 深水埗區","九龍塘學校（中學部）(0.300); 瑪利諾修院學校（中學部）(0.273); 西貢崇真天主教學校（中學部）(0.250)"
edb_250210000223,小學,"No CHSC match","SOCIETY OF BOYS' CENTRES - HUI CHUNG SING MEMORIAL SCHOOL (PRIMARY SECTION) | 香港扶幼會-許仲繩紀念學校(小學部) | 深水埗區","九龍塘學校（小學部）(0.300); 聖保祿學校（小學部）(0.300); 瑪利諾修院學校（小學部）(0.273)"
edb_324574000233,中學,"No CHSC match","THE MENTAL HEALTH ASSOCIATION OF HONG KONG - CORNWALL SCHOOL (SECONDARY SECTION) | 香港心理衞生會-臻和學校(中學部) | 深水埗區","The True Light School of Hong Kong(0.333); 九龍塘學校（中學部）(0.316); 瑪利諾修院學校（中學部）(0.286)"
edb_250414000333,中學,"No CHSC match","HONG CHI PINEHILL NO.3 SCHOOL (SECONDARY SECTION) | 匡智松嶺第三校(中學部) | 大埔區","九龍塘學校（中學部）(0.333); Kowloon Tong School (Secondary Section)(0.300); Maryknoll Convent School (Secondary Section)(0.300)"
edb_250414000323,小學,"No CHSC match","HONG CHI PINEHILL NO.3 SCHOOL (PRIMARY SECTION) | 匡智松嶺第三校(小學部) | 大埔區","九龍塘學校（小學部）(0.333); 聖保祿學校（小學部）(0.333); St. Louis School (Primary Section)(0.300)"
edb_260266000123,小學,"No CHSC match","SAHK KO FOOK IU MEMORIAL SCHOOL (PRIMARY SECTION) | 香港耀能協會高福耀紀念學校(小學部) | 沙田區","St. Louis School (Primary Section)(0.300); Maryknoll Convent School (Primary Section)(0.300); Kowloon Tong School (Primary Section)(0.300)"
edb_250589000133,中學,"No CHSC match","HONG CHI MORNINGHILL SCHOOL, TUEN MUN (SECONDARY SECTION) | 匡智屯門晨崗學校(中學部) | 屯門區","九龍塘學校（中學部）(0.400); Ju Ching Chu Secondary School (Tuen Mun)(0.364); 瑪利諾修院學校（中學部）(0.353)"
edb_250600000323,小學,"No CHSC match","HHCKLA BUDDHIST PO KWONG SCHOOL (PRIMARY SECTION) | 香海正覺蓮社佛教普光學校(小學部) | 北區","香海正覺蓮社佛教正覺蓮社學校(0.444); 香海正覺蓮社佛教正慧小學(0.421); 香海正覺蓮社佛教陳式宏學校(0.400)"
edb_154105000233,中學,"No CHSC match","TUNG WAN MOK LAW SHUI WAH SCHOOL (SECONDARY SECTION) | 東灣莫羅瑞華學校(中學部) | 屯門區","九龍塘學校（中學部）(0.400); 瑪利諾修院學校（中學部）(0.353); 西貢崇真天主教學校（中學部）(0.316)"
edb_313343000233,中學,"No CHSC match","CHI YUN SCHOOL (SECONDARY SECTION) | 慈恩學校(中學部) | 九龍城區","九龍塘學校（中學部）(0.545); 瑪利諾修院學校（中學部）(0.462); Kowloon Tong School (Secondary Section)(0.429)"
edb_154105000223,小學,"No CHSC match","TUNG WAN MOK LAW SHUI WAH SCHOOL (PRIMARY SECTION) | 東灣莫羅瑞華學校(小學部) | 屯門區","九龍塘學校（小學部）(0.400); 聖保祿學校（小學部）(0.400); 瑪利諾修院學校（小學部）(0.353)"
edb_615471000123,小學,"No CHSC match","HONG CHI SHIU PONG MORNINGHOPE SCHOOL(PRIMARY SECTION) | 匡智紹邦晨輝學校(小學部) | 離島區","九龍塘學校（小學部）(0.400); 聖保祿學校（小學部）(0.400); 瑪利諾修院學校（小學部）(0.353)"
edb_313343000223,小學,"No CHSC match","CHI YUN SCHOOL (PRIMARY SECTION) | 慈恩學校(小學部) | 九龍城區","九龍塘學校（小學部）(0.545); 聖保祿學校（小學部）(0.545); 瑪利諾修院學校（小學部）(0.462)"
edb_615471000133,中學,"No CHSC match","HONG CHI SHIU PONG MORNINGHOPE SCHOOL(SECONDARY SECTION) | 匡智紹邦晨輝學校(中學部) | 離島區","九龍塘學校（中學部）(0.400); 瑪利諾修院學校（中學部）(0.353); 西貢崇真天主教學校（中學部）(0.316)"
edb_260215002033,中學,"No CHSC match","HONG KONG RED CROSS HOSPITAL SCHOOLS (SECONDARY SECTION) | 香港紅十字會醫院學校(中學部) | 九龍城區","瑪利諾修院學校（中學部）(0.389); 九龍塘學校（中學部）(0.353); 西貢崇真天主教學校（中學部）(0.286)"
edb_260215001923,小學,"No CHSC match","HONG KONG RED CROSS HOSPITAL SCHOOLS (PRIMARY SECTION) | 香港紅十字會醫院學校(小學部) | 深水埗區","瑪利諾修院學校（小學部）(0.389); 九龍塘學校（小學部）(0.353); 聖保祿學校（小學部）(0.353)"
edb_260215001933,中學,"No CHSC match","HONG KONG RED CROSS HOSPITAL SCHOOLS (SECONDARY SECTION) | 香港紅十字會醫院學校(中學部) | 深水埗區","瑪利諾修院學校（中學部）(0.389); 九龍塘學校（中學部）(0.353); 西貢崇真天主教學校（中學部）(0.286)"
edb_260215001733,中學,"No CHSC match","HONG KONG RED CROSS HOSPITAL SCHOOLS (SECONDARY SECTION) | 香港紅十字會醫院學校(中學部) | 深水埗區","瑪利諾修院學校（中學部）(0.389); 九龍塘學校（中學部）(0.353); 西貢崇真天主教學校（中學部）(0.286)"
edb_260215001723,小學,"No CHSC match","HONG KONG RED CROSS HOSPITAL SCHOOLS (PRIMARY SECTION) | 香港紅十字會醫院學校(小學部) | 深水埗區","瑪利諾修院學校（小學部）(0.389); 九龍塘學校（小學部）(0.353); 聖保祿學校（小學部）(0.353)"
edb_260215000133,中學,"No CHSC match","HONG KONG RED CROSS HOSPITAL SCHOOLS (SECONDARY SECTION) | 香港紅十字會醫院學校(中學部) | 葵青區","瑪利諾修院學校（中學部）(0.389); 九龍塘學校（中學部）(0.353); 西貢崇真天主教學校（中學部）(0.286)"
edb_260215000123,小學,"No CHSC match","HONG KONG RED CROSS HOSPITAL SCHOOLS (PRIMARY SECTION) | 香港紅十字會醫院學校(小學部) | 葵青區","瑪利諾修院學校（小學部）(0.389); 九龍塘學校（小學部）(0.353); 聖保祿學校（小學部）(0.353)"
edb_260215000333,中學,"No CHSC match","HONG KONG RED CROSS HOSPITAL SCHOOLS (SECONDARY SECTION) | 香港紅十字會醫院學校(中學部) | 葵青區","瑪利諾修院學校（中學部）(0.389); 九龍塘學校（中學部）(0.353); 西貢崇真天主教學校（中學部）(0.286)"
edb_260215001433,中學,"No CHSC match","HONG KONG RED CROSS HOSPITAL SCHOOLS (SECONDARY SECTION) | 香港紅十字會醫院學校(中學部) | 深水埗區","瑪利諾修院學校（中學部）(0.389); 九龍塘學校（中學部）(0.353); 西貢崇真天主教學校（中學部）(0.286)"
edb_260215001033,中學,"No CHSC match","HONG KONG RED CROSS HOSPITAL SCHOOLS (SECONDARY SECTION) | 香港紅十字會醫院學校(中學部) | 深水埗區","瑪利諾修院學校（中學部）(0.389); 九龍塘學校（中學部）(0.353); 西貢崇真天主教學校（中學部）(0.286)"
edb_260215000633,中學,"No CHSC match","HONG KONG RED CROSS HOSPITAL SCHOOLS (SECONDARY SECTION) | 香港紅十字會醫院學校(中學部) | 葵青區","瑪利諾修院學校（中學部）(0.389); 九龍塘學校（中學部）(0.353); 西貢崇真天主教學校（中學部）(0.286)"
edb_260215000623,小學,"No CHSC match","HONG KONG RED CROSS HOSPITAL SCHOOLS (PRIMARY SECTION) | 香港紅十字會醫院學校(小學部) | 葵青區","瑪利諾修院學校（小學部）(0.389); 九龍塘學校（小學部）(0.353); 聖保祿學校（小學部）(0.353)"
edb_260215000533,中學,"No CHSC match","HONG KONG RED CROSS HOSPITAL SCHOOLS (SECONDARY SECTION) | 香港紅十字會醫院學校(中學部) | 葵青區","瑪利諾修院學校（中學部）(0.389); 九龍塘學校（中學部）(0.353); 西貢崇真天主教學校（中學部）(0.286)"
edb_260215000833,中學,"No CHSC match","HONG KONG RED CROSS HOSPITAL SCHOOLS (SECONDARY SECTION) | 香港紅十字會醫院學校(中學部) | 葵青區","瑪利諾修院學校（中學部）(0.389); 九龍塘學校（中學部）(0.353); 西貢崇真天主教學校（中學部）(0.286)"
edb_260215000823,小學,"No CHSC match","HONG KONG RED CROSS HOSPITAL SCHOOLS (PRIMARY SECTION) | 香港紅十字會醫院學校(小學部) | 葵青區","瑪利諾修院學校（小學部）(0.389); 九龍塘學校（小學部）(0.353); 聖保祿學校（小學部）(0.353)"
edb_260215001023,小學,"No CHSC match","HONG KONG RED CROSS HOSPITAL SCHOOLS (PRIMARY SECTION) | 香港紅十字會醫院學校(小學部) | 深水埗區","瑪利諾修院學校（小學部）(0.389); 九龍塘學校（小學部）(0.353); 聖保祿學校（小學部）(0.353)"
edb_260215000523,小學,"No CHSC match","HONG KONG RED CROSS HOSPITAL SCHOOLS (PRIMARY SECTION) | 香港紅十字會醫院學校(小學部) | 葵青區","瑪利諾修院學校（小學部）(0.389); 九龍塘學校（小學部）(0.353); 聖保祿學校（小學部）(0.353)"
edb_260215000923,小學,"No CHSC match","HONG KONG RED CROSS HOSPITAL SCHOOLS (PRIMARY SECTION) | 香港紅十字會醫院學校(小學部) | 葵青區","瑪利諾修院學校（小學部）(0.389); 九龍塘學校（小學部）(0.353); 聖保祿學校（小學部）(0.353)"
edb_260215000933,中學,"No CHSC match","HONG KONG RED CROSS HOSPITAL SCHOOLS (SECONDARY SECTION) | 香港紅十字會醫院學校(中學部) | 葵青區","瑪利諾修院學校（中學部）(0.389); 九龍塘學校（中學部）(0.353); 西貢崇真天主教學校（中學部）(0.286)"
edb_260215001223,小學,"No CHSC match","HONG KONG RED CROSS HOSPITAL SCHOOLS (PRIMARY SECTION) | 香港紅十字會醫院學校(小學部) | 深水埗區","瑪利諾修院學校（小學部）(0.389); 九龍塘學校（小學部）(0.353); 聖保祿學校（小學部）(0.353)"
edb_260215000233,中學,"No CHSC match","HONG KONG RED CROSS HOSPITAL SCHOOLS (SECONDARY SECTION) | 香港紅十字會醫院學校(中學部) | 葵青區","瑪利諾修院學校（中學部）(0.389); 九龍塘學校（中學部）(0.353); 西貢崇真天主教學校（中學部）(0.286)"
edb_260215001233,中學,"No CHSC match","HONG KONG RED CROSS HOSPITAL SCHOOLS (SECONDARY SECTION) | 香港紅十字會醫院學校(中學部) | 深水埗區","瑪利諾修院學校（中學部）(0.389); 九龍塘學校（中學部）(0.353); 西貢崇真天主教學校（中學部）(0.286)"
edb_260215001333,中學,"No CHSC match","HONG KONG RED CROSS HOSPITAL SCHOOLS (SECONDARY SECTION) | 香港紅十字會醫院學校(中學部) | 深水埗區","瑪利諾修院學校（中學部）(0.389); 九龍塘學校（中學部）(0.353); 西貢崇真天主教學校（中學部）(0.286)"
edb_260215001323,小學,"No CHSC match","HONG KONG RED CROSS HOSPITAL SCHOOLS (PRIMARY SECTION) | 香港紅十字會醫院學校(小學部) | 深水埗區","瑪利諾修院學校（小學部）(0.389); 九龍塘學校（小學部）(0.353); 聖保祿學校（小學部）(0.353)"
edb_260215001623,小學,"No CHSC match","HONG KONG RED CROSS HOSPITAL SCHOOLS (PRIMARY SECTION) | 香港紅十字會醫院學校(小學部) | 深水埗區","瑪利諾修院學校（小學部）(0.389); 九龍塘學校（小學部）(0.353); 聖保祿學校（小學部）(0.353)"
edb_260215001523,小學,"No CHSC match","HONG KONG RED CROSS HOSPITAL SCHOOLS (PRIMARY SECTION) | 香港紅十字會醫院學校(小學部) | 深水埗區","瑪利諾修院學校（小學部）(0.389); 九龍塘學校（小學部）(0.353); 聖保祿學校（小學部）(0.353)"
edb_260215001633,中學,"No CHSC match","HONG KONG RED CROSS HOSPITAL SCHOOLS (SECONDARY SECTION) | 香港紅十字會醫院學校(中學部) | 深水埗區","瑪利諾修院學校（中學部）(0.389); 九龍塘學校（中學部）(0.353); 西貢崇真天主教學校（中學部）(0.286)"
edb_260215001533,中學,"No CHSC match","HONG KONG RED CROSS HOSPITAL SCHOOLS (SECONDARY SECTION) | 香港紅十字會醫院學校(中學部) | 深水埗區","瑪利諾修院學校（中學部）(0.389); 九龍塘學校（中學部）(0.353); 西貢崇真天主教學校（中學部）(0.286)"
edb_260215001423,小學,"No CHSC match","HONG KONG RED CROSS HOSPITAL SCHOOLS (PRIMARY SECTION) | 香港紅十字會醫院學校(小學部) | 深水埗區","瑪利諾修院學校（小學部）(0.389); 九龍塘學校（小學部）(0.353); 聖保祿學校（小學部）(0.353)"
edb_260215000433,中學,"No CHSC match","HONG KONG RED CROSS HOSPITAL SCHOOLS (SECONDARY SECTION) | 香港紅十字會醫院學校(中學部) | 葵青區","瑪利諾修院學校（中學部）(0.389); 九龍塘學校（中學部）(0.353); 西貢崇真天主教學校（中學部）(0.286)"
edb_260215000223,小學,"No CHSC match","HONG KONG RED CROSS HOSPITAL SCHOOLS (PRIMARY SECTION) | 香港紅十字會醫院學校(小學部) | 葵青區","瑪利諾修院學校（小學部）(0.389); 九龍塘學校（小學部）(0.353); 聖保祿學校（小學部）(0.353)"
edb_260215000323,小學,"No CHSC match","HONG KONG RED CROSS HOSPITAL SCHOOLS (PRIMARY SECTION) | 香港紅十字會醫院學校(小學部) | 葵青區","瑪利諾修院學校（小學部）(0.389); 九龍塘學校（小學部）(0.353); 聖保祿學校（小學部）(0.353)"
edb_260215000423,小學,"No CHSC match","HONG KONG RED CROSS HOSPITAL SCHOOLS (PRIMARY SECTION) | 香港紅十字會醫院學校(小學部) | 葵青區","瑪利諾修院學校（小學部）(0.389); 九龍塘學校（小學部）(0.353); 聖保祿學校（小學部）(0.353)"
edb_510777000123,小學,"No CHSC match","DIOCESAN BOYS' SCHOOL | 拔萃男書院 | 九龍城區","拔萃男書院附屬小學(0.500); Diocesan Boys' School Primary Division(0.400); Diocesan Preparatory School(0.333)"
edb_512079000223,小學,"No CHSC match","HON WAH COLLEGE | 漢華中學 | 東區","Hon Wah College (Primary Section)(0.400); 漢華中學（小學部）(0.375); Lok Wah Catholic Primary School(0.250)"
edb_231622000133,中學,"No CHSC match","LI PO CHUN UNITED WORLD COLLEGE OF HONG KONG | 李寶椿聯合世界書院 | 沙田區","Munsang College (Hong Kong Island)(0.273); YMCA of Hong Kong Christian College(0.273); Hong Kong Tang King Po College(0.273)"
edb_190543000123,小學,"No CHSC match","SHATIN JUNIOR SCHOOL | SHATIN JUNIOR SCHOOL | 沙田區","Shatin Government Primary School(0.333); Shatin Tsung Tsin School(0.250); Diocesan Girls' Junior School(0.250)"
edb_170887000123,小學,"No CHSC match","GLENEALY SCHOOL | 己連拿小學 | 中西區","李陞小學(0.167); 滬江小學(0.167); 太古小學(0.167)"
edb_171034000123,小學,"No CHSC match","CLEARWATER BAY SCHOOL | CLEARWATER BAY SCHOOL | 西貢區","Aldrich Bay Government Primary School(0.250); Kowloon Bay St. John The Baptist Catholic Primary School(0.143); C.C.C. Kei Wan Primary School (Aldrich Bay)(0.125)"
edb_170879000123,小學,"No CHSC match","KENNEDY SCHOOL | KENNEDY SCHOOL | 南區","S.K.H. St. Matthew's Primary School(0.000); St. Paul's College Primary School(0.000); Catholic Mission School(0.000)"
edb_170860000123,小學,"No CHSC match","PEAK SCHOOL | PEAK SCHOOL | 中西區","Castle Peak Catholic Primary School(0.333); 350。"",各級專項運動收費，如：攀石、游泳課等，每年收費約$100。,24,2,3,1,25間：創科學習室、校園電視台室、沉浸科技教室、音樂室、樂器學習室、視藝室、科學實驗室、芭蕾舞室、言語治療室、遊戲學習室、6個自學角,全校已舖設WIFI網絡，亦備有超過100部IPAD供電子學習之用。<br>而課室內已安裝各項電子教學設備。,斜道、暢通易達升降機、暢通易達洗手間、觸覺引路帶、暢通易達的公共詢問或服務櫃枱及視像火警警報系統。,47,50,100,100,54,20,10,18,72,4,4,4,4,4,4,24,4,4,4,4,4,4,24,以小班教學模式，按學生能力而因材施教。,-,0,2,有,0,3,有,有,有,為學生提供進展性評估課業與分程度的總結性評估課業，並透過趣味功課、假期任務、專題研習、科學實驗等，評估學生的應用共通能力，推行進展性評估。,有,有,綜合學生的學習成績、課堂表現，以及學習態度來進行分班。,5,8,30,7:40,上午,2:35,下午,11:45,12:45,由指定供應商提供及由家長安排。,「以愛牧羊，燃亮主愛」為學校營造關愛校園文化的宗旨，讓學生建立良好健康的生活習慣、正面的人生觀與價值觀，以見證主耶穌的大愛。,「並肩培育豐盛生命、攜手見證基督大愛」乃本校的辦學願景，因此本校一向著重基督教教育理念，致力培育學生正向品格。透過課程發展，將本校的正向教育核心元素包括：仁愛、成就、意義及投入，融入校本學科課程及中華文化教育，製造有意義的學習經歷及成果。,音樂教育卓越，管弦樂隊、弦樂隊、管樂隊、節奏樂隊等屢獲殊榮；積極發展體育，包括游泳課及攀石課程等；STEAM教育活動及多元智能活動豐富，包括宗教活動、資訊科技活動、閱讀、朗誦、制服團隊、戲劇、奧林匹克數學及各類資優小組等。,勉勵學生確立有意義的人生目標，培養他們具備淳樸的品格、良好的音樂情操、獨立的思考及分析能力，使之他日成為社會上有責任感和有使命感的良好公民，成為耶穌合用的器皿。,http://www.ccckeiwan.edu.hk,本校隸屬於中華基督教會香港區會，法團校董會負責監察學校的運作及提供意見。詳情可參閱本校網頁。,本校法團校董會早於2006成立，成員共十五人，包括校監、校長、神職人員、獨立的專業人士、校友、家長及教師代表，以聽取不同持分者的意見和引入不同別人士的專業知識和經驗，促進學校的持續發展。,本校積極推動環保教育，校內設立綠田園和不同的環保系統，透過可再生能源教育及種植活動，提升學生的環保意識。,,本校以愛心和耐心引導學生確立有意義的人生目標，幫助他們培養淳樸的品格、良好的音樂情操、學習豐富的知識以及鍛鍊獨立的思考和分析能力，務求盡展潛能，日後成為有使命感的良好公民，服務人群，回饋社會。,http://www.ccckeiwan.edu.hk,每天均有班主任課及早會前圖書閱讀課。課後進行不同類型的活動。逢週三、五更提早放學，為學生創造更多的學習空間與時間。<br>（請參閱本校網址：http://www.ccckeiwan.edu.hk）,1.　培養師生僕人領袖素質，建構正向文化。<br>2.　了解學生獨特之處，實踐普及資優教育。,透過各科的單元教學及STEAM活動，培育學生共通能力。強調學生自主學習及思維能力訓練，綜合應用的能力，為升中奠定良好基礎。,學校重視培育學生良好習慣，積極學習。以VASE獎勵計劃，生活化的題材，鼓勵學生積極向上，促進學生全人發展。此外，還著重聖經真理及品格培養，又透過電影教育及戲劇教育，培養學生感恩珍惜、積極樂觀的態度。,,透過拔尖補底課程、小海豚關愛計劃、大哥哥大姐姐計劃，以照顧學生學習差異，支援個別學生。為資優學生提供優質而具挑戰性的課程，包括以課堂、講座、工作坊、網上學習、遊學團及比賽等形式，讓潛能得以發揮。,本校致力落實「全校參與」模式，推行校本支援服務，服務包括及早識別及介入計劃、多元支援計劃等，以全面支援有不同學習需要的學生。,,各科的課程內容進行合適的增刪和調適，亦為有需要的同學提供增潤或調適課程，以照顧學生的多樣性。,http://www.ccckeiwan.edu.hk,1.　定期舉辦各級家長講座，支援不同成長階段的需要。<br>2.　家長教師會及家長義工，協助舉行各類大型活動，促進家校合作。,秉承區會辦學目的「透過學校、傳道服務」，藉著宗教及正向教育，培養學生愛人如己、謙虛純樸的品格。又推行校本輔導活動，善用家長與社區資源，擴闊學生生活經驗，培養積極的人生觀。,http://www.ccckeiwan.edu.hk,1.　培養學生僕人領袖素質，建構正向校園文化。<br>2.　讓學生發掘獨特之處，展現個人才能，實踐普及資優教育。,與大學專家合作進行課程研究；與中學及幼稚園進行學科銜接交流；定期舉行品德教育及生命教育培訓等。,每年學校均會舉辦不同的海外及內地交流活動（由2001年開始，本校學生已遍踏超過30個不同的海外地區，包括：英國、波蘭、德國、加拿大、澳洲、夏威夷、奧地利、新加坡、日本、韓國等地作學術或音樂交流）。<br>本校更為六年級同學提供一特色課程，同學們會到沙巴及海外等地，深度了解當地文化，並進行生態學習，拓展視野。,(0.001); S.K.H. St. Matthew's Primary School(0.000)"
edb_171034000223,小學,"No CHSC match","CLEARWATER BAY SCHOOL | CLEARWATER BAY SCHOOL | 西貢區","Aldrich Bay Government Primary School(0.250); Kowloon Bay St. John The Baptist Catholic Primary School(0.143); C.C.C. Kei Wan Primary School (Aldrich Bay)(0.125)"
edb_170348000123,小學,"No CHSC match","BEACON HILL SCHOOL | BEACON HILL SCHOOL | 九龍城區","Chinese Methodist School, Tanner Hill(0.167); The Salvation Army Centaline Charity Fund Queen's Hill School(0.111); 350。"",各級專項運動收費，如：攀石、游泳課等，每年收費約$100。,24,2,3,1,25間：創科學習室、校園電視台室、沉浸科技教室、音樂室、樂器學習室、視藝室、科學實驗室、芭蕾舞室、言語治療室、遊戲學習室、6個自學角,全校已舖設WIFI網絡，亦備有超過100部IPAD供電子學習之用。<br>而課室內已安裝各項電子教學設備。,斜道、暢通易達升降機、暢通易達洗手間、觸覺引路帶、暢通易達的公共詢問或服務櫃枱及視像火警警報系統。,47,50,100,100,54,20,10,18,72,4,4,4,4,4,4,24,4,4,4,4,4,4,24,以小班教學模式，按學生能力而因材施教。,-,0,2,有,0,3,有,有,有,為學生提供進展性評估課業與分程度的總結性評估課業，並透過趣味功課、假期任務、專題研習、科學實驗等，評估學生的應用共通能力，推行進展性評估。,有,有,綜合學生的學習成績、課堂表現，以及學習態度來進行分班。,5,8,30,7:40,上午,2:35,下午,11:45,12:45,由指定供應商提供及由家長安排。,「以愛牧羊，燃亮主愛」為學校營造關愛校園文化的宗旨，讓學生建立良好健康的生活習慣、正面的人生觀與價值觀，以見證主耶穌的大愛。,「並肩培育豐盛生命、攜手見證基督大愛」乃本校的辦學願景，因此本校一向著重基督教教育理念，致力培育學生正向品格。透過課程發展，將本校的正向教育核心元素包括：仁愛、成就、意義及投入，融入校本學科課程及中華文化教育，製造有意義的學習經歷及成果。,音樂教育卓越，管弦樂隊、弦樂隊、管樂隊、節奏樂隊等屢獲殊榮；積極發展體育，包括游泳課及攀石課程等；STEAM教育活動及多元智能活動豐富，包括宗教活動、資訊科技活動、閱讀、朗誦、制服團隊、戲劇、奧林匹克數學及各類資優小組等。,勉勵學生確立有意義的人生目標，培養他們具備淳樸的品格、良好的音樂情操、獨立的思考及分析能力，使之他日成為社會上有責任感和有使命感的良好公民，成為耶穌合用的器皿。,http://www.ccckeiwan.edu.hk,本校隸屬於中華基督教會香港區會，法團校董會負責監察學校的運作及提供意見。詳情可參閱本校網頁。,本校法團校董會早於2006成立，成員共十五人，包括校監、校長、神職人員、獨立的專業人士、校友、家長及教師代表，以聽取不同持分者的意見和引入不同別人士的專業知識和經驗，促進學校的持續發展。,本校積極推動環保教育，校內設立綠田園和不同的環保系統，透過可再生能源教育及種植活動，提升學生的環保意識。,,本校以愛心和耐心引導學生確立有意義的人生目標，幫助他們培養淳樸的品格、良好的音樂情操、學習豐富的知識以及鍛鍊獨立的思考和分析能力，務求盡展潛能，日後成為有使命感的良好公民，服務人群，回饋社會。,http://www.ccckeiwan.edu.hk,每天均有班主任課及早會前圖書閱讀課。課後進行不同類型的活動。逢週三、五更提早放學，為學生創造更多的學習空間與時間。<br>（請參閱本校網址：http://www.ccckeiwan.edu.hk）,1.　培養師生僕人領袖素質，建構正向文化。<br>2.　了解學生獨特之處，實踐普及資優教育。,透過各科的單元教學及STEAM活動，培育學生共通能力。強調學生自主學習及思維能力訓練，綜合應用的能力，為升中奠定良好基礎。,學校重視培育學生良好習慣，積極學習。以VASE獎勵計劃，生活化的題材，鼓勵學生積極向上，促進學生全人發展。此外，還著重聖經真理及品格培養，又透過電影教育及戲劇教育，培養學生感恩珍惜、積極樂觀的態度。,,透過拔尖補底課程、小海豚關愛計劃、大哥哥大姐姐計劃，以照顧學生學習差異，支援個別學生。為資優學生提供優質而具挑戰性的課程，包括以課堂、講座、工作坊、網上學習、遊學團及比賽等形式，讓潛能得以發揮。,本校致力落實「全校參與」模式，推行校本支援服務，服務包括及早識別及介入計劃、多元支援計劃等，以全面支援有不同學習需要的學生。,,各科的課程內容進行合適的增刪和調適，亦為有需要的同學提供增潤或調適課程，以照顧學生的多樣性。,http://www.ccckeiwan.edu.hk,1.　定期舉辦各級家長講座，支援不同成長階段的需要。<br>2.　家長教師會及家長義工，協助舉行各類大型活動，促進家校合作。,秉承區會辦學目的「透過學校、傳道服務」，藉著宗教及正向教育，培養學生愛人如己、謙虛純樸的品格。又推行校本輔導活動，善用家長與社區資源，擴闊學生生活經驗，培養積極的人生觀。,http://www.ccckeiwan.edu.hk,1.　培養學生僕人領袖素質，建構正向校園文化。<br>2.　讓學生發掘獨特之處，展現個人才能，實踐普及資優教育。,與大學專家合作進行課程研究；與中學及幼稚園進行學科銜接交流；定期舉行品德教育及生命教育培訓等。,每年學校均會舉辦不同的海外及內地交流活動（由2001年開始，本校學生已遍踏超過30個不同的海外地區，包括：英國、波蘭、德國、加拿大、澳洲、夏威夷、奧地利、新加坡、日本、韓國等地作學術或音樂交流）。<br>本校更為六年級同學提供一特色課程，同學們會到沙巴及海外等地，深度了解當地文化，並進行生態學習，拓展視野。,(0.001)"
edb_250686000223,小學,"No CHSC match","JOCKEY CLUB SARAH ROE SCHOOL | 賽馬會善樂學校 | 九龍城區","The Education University of Hong Kong Jockey Club Primary School(0.222); 香港教育大學賽馬會小學(0.143); 救恩學校(0.125)"
edb_170895000123,小學,"No CHSC match","QUARRY BAY SCHOOL | 鰂魚涌小學 | 東區","Aldrich Bay Government Primary School(0.250); 李陞小學(0.167); 滬江小學(0.167)"
edb_170909000123,小學,"No CHSC match","KOWLOON JUNIOR SCHOOL | KOWLOON JUNIOR SCHOOL | 九龍城區","Kowloon Rhenish School(0.333); Kowloon Tong Government Primary School(0.250); Diocesan Girls' Junior School(0.250)"
edb_170747000123,小學,"No CHSC match","BRADBURY SCHOOL | 白普理小學 | 灣仔區","循理會白普理基金循理小學(0.400); 北角衞理小學(0.286); 亞斯理衞理小學(0.250)"
edb_170399000133,中學,"No CHSC match","ISLAND SCHOOL | ISLAND SCHOOL | 中西區","Munsang College (Hong Kong Island)(0.200); Diocesan Boys' School(0.000); Diocesan Girls' School(0.000)"
edb_190314000233,中學,"No CHSC match","SHATIN COLLEGE | SHATIN COLLEGE | 沙田區","Shatin Tsung Tsin Secondary School(0.333); Shatin Pui Ying College(0.333); Kiangsu-Chekiang College (Shatin)(0.250)"
edb_170836000133,中學,"No CHSC match","THE SOUTH ISLAND SCHOOL | THE SOUTH ISLAND SCHOOL | 南區","South Tuen Mun Government Secondary School(0.200); Munsang College (Hong Kong Island)(0.167); Diocesan Boys' School(0.000)"
edb_250686000233,中學,"No CHSC match","JOCKEY CLUB SARAH ROE SCHOOL | 賽馬會善樂學校 | 九龍城區","Jockey Club Government Secondary School(0.400); Jockey Club Ti-I College(0.333); Jockey Club Man Kwan EduYoung College(0.286)"
edb_170992000133,中學,"No CHSC match","WEST ISLAND SCHOOL | WEST ISLAND SCHOOL | 南區","Munsang College (Hong Kong Island)(0.167); Sir Ellis Kadoorie Secondary School (West Kowloon)(0.125); Diocesan Boys' School(0.000)"
edb_170917000133,中學,"No CHSC match","KING GEORGE V SCHOOL | KING GEORGE V SCHOOL | 九龍城區","King Ling College(0.250); King's College(0.250); Tang King Po School(0.200)"
edb_511072000133,中學,"No CHSC match","ARTS & TECHNOLOGY EDUCATION CENTRE | 藝術與科技教育中心 | 九龍城區","St. Bonaventure College & High School(0.111); GCC&ITKD Lau Pak Lok Secondary School(0.100); YPI & CA Lee Lim Ming College(0.100)"
edb_534579000123,小學,"No CHSC match","SEAR ROGERS INTERNATIONAL SCHOOL | 弘爵國際學校 | 荃灣區","救恩學校(0.143); 慈幼學校(0.143); 聖家學校(0.143)"
edb_548430000623,小學,"No CHSC match","THE INTERNATIONAL MONTESSORI SCHOOL - AN IMEF SCHOOL | 蒙特梭利國際學校 | 南區","Canossa School (Hong Kong)(0.143); Alliance Primary School, Whampoa(0.143); Emmanuel Primary School, Kowloon(0.143)"
edb_570370000423,小學,"No CHSC match","THE HARBOUR SCHOOL | 港灣學校 | 南區","救恩學校(0.200); 慈幼學校(0.200); 聖家學校(0.200)"
edb_216186000423,小學,"No CHSC match","CARMEL SCHOOL | CARMEL SCHOOL | 東區","Carmel Alison Lam Primary School(0.333); Carmel Leung Sing Tak School(0.250); S.K.H. St. Matthew's Primary School(0.000)"
edb_215406000423,小學,"No CHSC match","KELLETT SCHOOL | KELLETT SCHOOL | 觀塘區","S.K.H. St. Matthew's Primary School(0.000); St. Paul's College Primary School(0.000); Catholic Mission School(0.000)"
edb_605557000123,小學,"No CHSC match","CHRISTIAN ALLIANCE INTERNATIONAL SCHOOL | 宣道國際學校 | 深水埗區","Christian Alliance H.C. Chan Primary School(0.333); Christian & Missionary Alliance Sun Kei Primary School(0.286); Christian Alliance S.Y. Yeh Memorial Primary School(0.286)"
edb_325147000223,小學,"No CHSC match","YEW CHUNG INTERNATIONAL SCHOOL | 耀中國際學校 | 九龍城區","Chung Sing School(0.250); Tung Chung Catholic School(0.200); Taoist Ching Chung Primary School(0.200)"
edb_215791000123,小學,"No CHSC match","DSC INTERNATIONAL SCHOOL | 德思齊加拿大國際學校 | 東區","Lions Clubs International Ho Tak Sum Primary School(0.143); International Christian Quality Music Sec. and Pri. School(0.125); 救恩學校(0.091)"
edb_215406000123,小學,"No CHSC match","KELLETT SCHOOL | KELLETT SCHOOL | 觀塘區","S.K.H. St. Matthew's Primary School(0.000); St. Paul's College Primary School(0.000); Catholic Mission School(0.000)"
edb_214558000221,小學,"No CHSC match","GERMAN SWISS INTERNATIONAL SCHOOL | 德瑞國際學校 | 南區","救恩學校(0.143); 慈幼學校(0.143); 聖家學校(0.143)"
edb_216011000523,小學,"No CHSC match","CANADIAN INTERNATIONAL SCHOOL | 加拿大國際學校 | 南區","Lions Clubs International Ho Tak Sum Primary School(0.143); International Christian Quality Music Sec. and Pri. School(0.125); 救恩學校(0.125)"
edb_230987000123,小學,"No CHSC match","DISCOVERY BAY INTERNATIONAL SCHOOL | DISCOVERY BAY INTERNATIONAL SCHOOL | 離島區","Aldrich Bay Government Primary School(0.200); Kowloon Bay St. John The Baptist Catholic Primary School(0.125); Lions Clubs International Ho Tak Sum Primary School(0.125)"
edb_518620000123,小學,"No CHSC match","LANTAU INTERNATIONAL SCHOOL | LANTAU INTERNATIONAL SCHOOL | 離島區","Lions Clubs International Ho Tak Sum Primary School(0.143); International Christian Quality Music Sec. and Pri. School(0.125); 350。"",各級專項運動收費，如：攀石、游泳課等，每年收費約$100。,24,2,3,1,25間：創科學習室、校園電視台室、沉浸科技教室、音樂室、樂器學習室、視藝室、科學實驗室、芭蕾舞室、言語治療室、遊戲學習室、6個自學角,全校已舖設WIFI網絡，亦備有超過100部IPAD供電子學習之用。<br>而課室內已安裝各項電子教學設備。,斜道、暢通易達升降機、暢通易達洗手間、觸覺引路帶、暢通易達的公共詢問或服務櫃枱及視像火警警報系統。,47,50,100,100,54,20,10,18,72,4,4,4,4,4,4,24,4,4,4,4,4,4,24,以小班教學模式，按學生能力而因材施教。,-,0,2,有,0,3,有,有,有,為學生提供進展性評估課業與分程度的總結性評估課業，並透過趣味功課、假期任務、專題研習、科學實驗等，評估學生的應用共通能力，推行進展性評估。,有,有,綜合學生的學習成績、課堂表現，以及學習態度來進行分班。,5,8,30,7:40,上午,2:35,下午,11:45,12:45,由指定供應商提供及由家長安排。,「以愛牧羊，燃亮主愛」為學校營造關愛校園文化的宗旨，讓學生建立良好健康的生活習慣、正面的人生觀與價值觀，以見證主耶穌的大愛。,「並肩培育豐盛生命、攜手見證基督大愛」乃本校的辦學願景，因此本校一向著重基督教教育理念，致力培育學生正向品格。透過課程發展，將本校的正向教育核心元素包括：仁愛、成就、意義及投入，融入校本學科課程及中華文化教育，製造有意義的學習經歷及成果。,音樂教育卓越，管弦樂隊、弦樂隊、管樂隊、節奏樂隊等屢獲殊榮；積極發展體育，包括游泳課及攀石課程等；STEAM教育活動及多元智能活動豐富，包括宗教活動、資訊科技活動、閱讀、朗誦、制服團隊、戲劇、奧林匹克數學及各類資優小組等。,勉勵學生確立有意義的人生目標，培養他們具備淳樸的品格、良好的音樂情操、獨立的思考及分析能力，使之他日成為社會上有責任感和有使命感的良好公民，成為耶穌合用的器皿。,http://www.ccckeiwan.edu.hk,本校隸屬於中華基督教會香港區會，法團校董會負責監察學校的運作及提供意見。詳情可參閱本校網頁。,本校法團校董會早於2006成立，成員共十五人，包括校監、校長、神職人員、獨立的專業人士、校友、家長及教師代表，以聽取不同持分者的意見和引入不同別人士的專業知識和經驗，促進學校的持續發展。,本校積極推動環保教育，校內設立綠田園和不同的環保系統，透過可再生能源教育及種植活動，提升學生的環保意識。,,本校以愛心和耐心引導學生確立有意義的人生目標，幫助他們培養淳樸的品格、良好的音樂情操、學習豐富的知識以及鍛鍊獨立的思考和分析能力，務求盡展潛能，日後成為有使命感的良好公民，服務人群，回饋社會。,http://www.ccckeiwan.edu.hk,每天均有班主任課及早會前圖書閱讀課。課後進行不同類型的活動。逢週三、五更提早放學，為學生創造更多的學習空間與時間。<br>（請參閱本校網址：http://www.ccckeiwan.edu.hk）,1.　培養師生僕人領袖素質，建構正向文化。<br>2.　了解學生獨特之處，實踐普及資優教育。,透過各科的單元教學及STEAM活動，培育學生共通能力。強調學生自主學習及思維能力訓練，綜合應用的能力，為升中奠定良好基礎。,學校重視培育學生良好習慣，積極學習。以VASE獎勵計劃，生活化的題材，鼓勵學生積極向上，促進學生全人發展。此外，還著重聖經真理及品格培養，又透過電影教育及戲劇教育，培養學生感恩珍惜、積極樂觀的態度。,,透過拔尖補底課程、小海豚關愛計劃、大哥哥大姐姐計劃，以照顧學生學習差異，支援個別學生。為資優學生提供優質而具挑戰性的課程，包括以課堂、講座、工作坊、網上學習、遊學團及比賽等形式，讓潛能得以發揮。,本校致力落實「全校參與」模式，推行校本支援服務，服務包括及早識別及介入計劃、多元支援計劃等，以全面支援有不同學習需要的學生。,,各科的課程內容進行合適的增刪和調適，亦為有需要的同學提供增潤或調適課程，以照顧學生的多樣性。,http://www.ccckeiwan.edu.hk,1.　定期舉辦各級家長講座，支援不同成長階段的需要。<br>2.　家長教師會及家長義工，協助舉行各類大型活動，促進家校合作。,秉承區會辦學目的「透過學校、傳道服務」，藉著宗教及正向教育，培養學生愛人如己、謙虛純樸的品格。又推行校本輔導活動，善用家長與社區資源，擴闊學生生活經驗，培養積極的人生觀。,http://www.ccckeiwan.edu.hk,1.　培養學生僕人領袖素質，建構正向校園文化。<br>2.　讓學生發掘獨特之處，展現個人才能，實踐普及資優教育。,與大學專家合作進行課程研究；與中學及幼稚園進行學科銜接交流；定期舉行品德教育及生命教育培訓等。,每年學校均會舉辦不同的海外及內地交流活動（由2001年開始，本校學生已遍踏超過30個不同的海外地區，包括：英國、波蘭、德國、加拿大、澳洲、夏威夷、奧地利、新加坡、日本、韓國等地作學術或音樂交流）。<br>本校更為六年級同學提供一特色課程，同學們會到沙巴及海外等地，深度了解當地文化，並進行生態學習，拓展視野。,(0.001)"
edb_527882000123,小學,"No CHSC match","AMERICAN INTERNATIONAL SCHOOL (PRIMARY BRANCH) | AMERICAN INTERNATIONAL SCHOOL (PRIMARY BRANCH) | 九龍城區","Alliance Primary School, Whampoa(0.286); Emmanuel Primary School, Kowloon(0.286); L.S.T. Leung Kau Kui Primary School (Branch)(0.273)"
edb_317357000123,小學,"No CHSC match","HONGKONG JAPANESE SCHOOL | HONGKONG JAPANESE SCHOOL | 灣仔區","350。"",各級專項運動收費，如：攀石、游泳課等，每年收費約$100。,24,2,3,1,25間：創科學習室、校園電視台室、沉浸科技教室、音樂室、樂器學習室、視藝室、科學實驗室、芭蕾舞室、言語治療室、遊戲學習室、6個自學角,全校已舖設WIFI網絡，亦備有超過100部IPAD供電子學習之用。<br>而課室內已安裝各項電子教學設備。,斜道、暢通易達升降機、暢通易達洗手間、觸覺引路帶、暢通易達的公共詢問或服務櫃枱及視像火警警報系統。,47,50,100,100,54,20,10,18,72,4,4,4,4,4,4,24,4,4,4,4,4,4,24,以小班教學模式，按學生能力而因材施教。,-,0,2,有,0,3,有,有,有,為學生提供進展性評估課業與分程度的總結性評估課業，並透過趣味功課、假期任務、專題研習、科學實驗等，評估學生的應用共通能力，推行進展性評估。,有,有,綜合學生的學習成績、課堂表現，以及學習態度來進行分班。,5,8,30,7:40,上午,2:35,下午,11:45,12:45,由指定供應商提供及由家長安排。,「以愛牧羊，燃亮主愛」為學校營造關愛校園文化的宗旨，讓學生建立良好健康的生活習慣、正面的人生觀與價值觀，以見證主耶穌的大愛。,「並肩培育豐盛生命、攜手見證基督大愛」乃本校的辦學願景，因此本校一向著重基督教教育理念，致力培育學生正向品格。透過課程發展，將本校的正向教育核心元素包括：仁愛、成就、意義及投入，融入校本學科課程及中華文化教育，製造有意義的學習經歷及成果。,音樂教育卓越，管弦樂隊、弦樂隊、管樂隊、節奏樂隊等屢獲殊榮；積極發展體育，包括游泳課及攀石課程等；STEAM教育活動及多元智能活動豐富，包括宗教活動、資訊科技活動、閱讀、朗誦、制服團隊、戲劇、奧林匹克數學及各類資優小組等。,勉勵學生確立有意義的人生目標，培養他們具備淳樸的品格、良好的音樂情操、獨立的思考及分析能力，使之他日成為社會上有責任感和有使命感的良好公民，成為耶穌合用的器皿。,http://www.ccckeiwan.edu.hk,本校隸屬於中華基督教會香港區會，法團校董會負責監察學校的運作及提供意見。詳情可參閱本校網頁。,本校法團校董會早於2006成立，成員共十五人，包括校監、校長、神職人員、獨立的專業人士、校友、家長及教師代表，以聽取不同持分者的意見和引入不同別人士的專業知識和經驗，促進學校的持續發展。,本校積極推動環保教育，校內設立綠田園和不同的環保系統，透過可再生能源教育及種植活動，提升學生的環保意識。,,本校以愛心和耐心引導學生確立有意義的人生目標，幫助他們培養淳樸的品格、良好的音樂情操、學習豐富的知識以及鍛鍊獨立的思考和分析能力，務求盡展潛能，日後成為有使命感的良好公民，服務人群，回饋社會。,http://www.ccckeiwan.edu.hk,每天均有班主任課及早會前圖書閱讀課。課後進行不同類型的活動。逢週三、五更提早放學，為學生創造更多的學習空間與時間。<br>（請參閱本校網址：http://www.ccckeiwan.edu.hk）,1.　培養師生僕人領袖素質，建構正向文化。<br>2.　了解學生獨特之處，實踐普及資優教育。,透過各科的單元教學及STEAM活動，培育學生共通能力。強調學生自主學習及思維能力訓練，綜合應用的能力，為升中奠定良好基礎。,學校重視培育學生良好習慣，積極學習。以VASE獎勵計劃，生活化的題材，鼓勵學生積極向上，促進學生全人發展。此外，還著重聖經真理及品格培養，又透過電影教育及戲劇教育，培養學生感恩珍惜、積極樂觀的態度。,,透過拔尖補底課程、小海豚關愛計劃、大哥哥大姐姐計劃，以照顧學生學習差異，支援個別學生。為資優學生提供優質而具挑戰性的課程，包括以課堂、講座、工作坊、網上學習、遊學團及比賽等形式，讓潛能得以發揮。,本校致力落實「全校參與」模式，推行校本支援服務，服務包括及早識別及介入計劃、多元支援計劃等，以全面支援有不同學習需要的學生。,,各科的課程內容進行合適的增刪和調適，亦為有需要的同學提供增潤或調適課程，以照顧學生的多樣性。,http://www.ccckeiwan.edu.hk,1.　定期舉辦各級家長講座，支援不同成長階段的需要。<br>2.　家長教師會及家長義工，協助舉行各類大型活動，促進家校合作。,秉承區會辦學目的「透過學校、傳道服務」，藉著宗教及正向教育，培養學生愛人如己、謙虛純樸的品格。又推行校本輔導活動，善用家長與社區資源，擴闊學生生活經驗，培養積極的人生觀。,http://www.ccckeiwan.edu.hk,1.　培養學生僕人領袖素質，建構正向校園文化。<br>2.　讓學生發掘獨特之處，展現個人才能，實踐普及資優教育。,與大學專家合作進行課程研究；與中學及幼稚園進行學科銜接交流；定期舉行品德教育及生命教育培訓等。,每年學校均會舉辦不同的海外及內地交流活動（由2001年開始，本校學生已遍踏超過30個不同的海外地區，包括：英國、波蘭、德國、加拿大、澳洲、夏威夷、奧地利、新加坡、日本、韓國等地作學術或音樂交流）。<br>本校更為六年級同學提供一特色課程，同學們會到沙巴及海外等地，深度了解當地文化，並進行生態學習，拓展視野。,(0.002); S.K.H. St. Matthew's Primary School(0.000); St. Paul's College Primary School(0.000)"
edb_216186000323,小學,"No CHSC match","CARMEL SCHOOL | CARMEL SCHOOL | 東區","Carmel Alison Lam Primary School(0.333); Carmel Leung Sing Tak School(0.250); S.K.H. St. Matthew's Primary School(0.000)"
edb_518620000223,小學,"No CHSC match","LANTAU INTERNATIONAL SCHOOL | LANTAU INTERNATIONAL SCHOOL | 離島區","Lions Clubs International Ho Tak Sum Primary School(0.143); International Christian Quality Music Sec. and Pri. School(0.125); 350。"",各級專項運動收費，如：攀石、游泳課等，每年收費約$100。,24,2,3,1,25間：創科學習室、校園電視台室、沉浸科技教室、音樂室、樂器學習室、視藝室、科學實驗室、芭蕾舞室、言語治療室、遊戲學習室、6個自學角,全校已舖設WIFI網絡，亦備有超過100部IPAD供電子學習之用。<br>而課室內已安裝各項電子教學設備。,斜道、暢通易達升降機、暢通易達洗手間、觸覺引路帶、暢通易達的公共詢問或服務櫃枱及視像火警警報系統。,47,50,100,100,54,20,10,18,72,4,4,4,4,4,4,24,4,4,4,4,4,4,24,以小班教學模式，按學生能力而因材施教。,-,0,2,有,0,3,有,有,有,為學生提供進展性評估課業與分程度的總結性評估課業，並透過趣味功課、假期任務、專題研習、科學實驗等，評估學生的應用共通能力，推行進展性評估。,有,有,綜合學生的學習成績、課堂表現，以及學習態度來進行分班。,5,8,30,7:40,上午,2:35,下午,11:45,12:45,由指定供應商提供及由家長安排。,「以愛牧羊，燃亮主愛」為學校營造關愛校園文化的宗旨，讓學生建立良好健康的生活習慣、正面的人生觀與價值觀，以見證主耶穌的大愛。,「並肩培育豐盛生命、攜手見證基督大愛」乃本校的辦學願景，因此本校一向著重基督教教育理念，致力培育學生正向品格。透過課程發展，將本校的正向教育核心元素包括：仁愛、成就、意義及投入，融入校本學科課程及中華文化教育，製造有意義的學習經歷及成果。,音樂教育卓越，管弦樂隊、弦樂隊、管樂隊、節奏樂隊等屢獲殊榮；積極發展體育，包括游泳課及攀石課程等；STEAM教育活動及多元智能活動豐富，包括宗教活動、資訊科技活動、閱讀、朗誦、制服團隊、戲劇、奧林匹克數學及各類資優小組等。,勉勵學生確立有意義的人生目標，培養他們具備淳樸的品格、良好的音樂情操、獨立的思考及分析能力，使之他日成為社會上有責任感和有使命感的良好公民，成為耶穌合用的器皿。,http://www.ccckeiwan.edu.hk,本校隸屬於中華基督教會香港區會，法團校董會負責監察學校的運作及提供意見。詳情可參閱本校網頁。,本校法團校董會早於2006成立，成員共十五人，包括校監、校長、神職人員、獨立的專業人士、校友、家長及教師代表，以聽取不同持分者的意見和引入不同別人士的專業知識和經驗，促進學校的持續發展。,本校積極推動環保教育，校內設立綠田園和不同的環保系統，透過可再生能源教育及種植活動，提升學生的環保意識。,,本校以愛心和耐心引導學生確立有意義的人生目標，幫助他們培養淳樸的品格、良好的音樂情操、學習豐富的知識以及鍛鍊獨立的思考和分析能力，務求盡展潛能，日後成為有使命感的良好公民，服務人群，回饋社會。,http://www.ccckeiwan.edu.hk,每天均有班主任課及早會前圖書閱讀課。課後進行不同類型的活動。逢週三、五更提早放學，為學生創造更多的學習空間與時間。<br>（請參閱本校網址：http://www.ccckeiwan.edu.hk）,1.　培養師生僕人領袖素質，建構正向文化。<br>2.　了解學生獨特之處，實踐普及資優教育。,透過各科的單元教學及STEAM活動，培育學生共通能力。強調學生自主學習及思維能力訓練，綜合應用的能力，為升中奠定良好基礎。,學校重視培育學生良好習慣，積極學習。以VASE獎勵計劃，生活化的題材，鼓勵學生積極向上，促進學生全人發展。此外，還著重聖經真理及品格培養，又透過電影教育及戲劇教育，培養學生感恩珍惜、積極樂觀的態度。,,透過拔尖補底課程、小海豚關愛計劃、大哥哥大姐姐計劃，以照顧學生學習差異，支援個別學生。為資優學生提供優質而具挑戰性的課程，包括以課堂、講座、工作坊、網上學習、遊學團及比賽等形式，讓潛能得以發揮。,本校致力落實「全校參與」模式，推行校本支援服務，服務包括及早識別及介入計劃、多元支援計劃等，以全面支援有不同學習需要的學生。,,各科的課程內容進行合適的增刪和調適，亦為有需要的同學提供增潤或調適課程，以照顧學生的多樣性。,http://www.ccckeiwan.edu.hk,1.　定期舉辦各級家長講座，支援不同成長階段的需要。<br>2.　家長教師會及家長義工，協助舉行各類大型活動，促進家校合作。,秉承區會辦學目的「透過學校、傳道服務」，藉著宗教及正向教育，培養學生愛人如己、謙虛純樸的品格。又推行校本輔導活動，善用家長與社區資源，擴闊學生生活經驗，培養積極的人生觀。,http://www.ccckeiwan.edu.hk,1.　培養學生僕人領袖素質，建構正向校園文化。<br>2.　讓學生發掘獨特之處，展現個人才能，實踐普及資優教育。,與大學專家合作進行課程研究；與中學及幼稚園進行學科銜接交流；定期舉行品德教育及生命教育培訓等。,每年學校均會舉辦不同的海外及內地交流活動（由2001年開始，本校學生已遍踏超過30個不同的海外地區，包括：英國、波蘭、德國、加拿大、澳洲、夏威夷、奧地利、新加坡、日本、韓國等地作學術或音樂交流）。<br>本校更為六年級同學提供一特色課程，同學們會到沙巴及海外等地，深度了解當地文化，並進行生態學習，拓展視野。,(0.001)"
edb_590800000123,小學,"No CHSC match","HARROW INTERNATIONAL SCHOOL HONG KONG | 哈羅香港國際學校 | 屯門區","Canossa School (Hong Kong)(0.500); Chiu Sheung School, Hong Kong(0.429); Chiu Yang Primary School of Hong Kong(0.333)"
edb_287695000223,小學,"No CHSC match","AMERICAN INTERNATIONAL SCHOOL | 美國國際學校 | 九龍城區","Lions Clubs International Ho Tak Sum Primary School(0.143); 救恩學校(0.143); 慈幼學校(0.143)"
edb_216003000223,小學,"No CHSC match","SINGAPORE INTERNATIONAL SCHOOL (HONG KONG) | 新加坡國際學校 | 南區","Canossa School (Hong Kong)(0.500); Chiu Sheung School, Hong Kong(0.429); Chiu Yang Primary School of Hong Kong(0.333)"
edb_598356000223,小學,"No CHSC match","NORD ANGLIA INTERNATIONAL SCHOOL, HONG KONG | NORD ANGLIA INTERNATIONAL SCHOOL, HONG KONG | 觀塘區","Canossa School (Hong Kong)(0.429); Chiu Sheung School, Hong Kong(0.375); Chiu Yang Primary School of Hong Kong(0.300)"
edb_213772000123,小學,"No CHSC match","HONG KONG INTERNATIONAL SCHOOL | HONG KONG INTERNATIONAL SCHOOL | 南區","Canossa School (Hong Kong)(0.400); Hong Kong Baptist Convention Primary School(0.400); Chiu Sheung School, Hong Kong(0.333)"
edb_215520000123,小學,"No CHSC match","NORWEGIAN INTERNATIONAL SCHOOL | NORWEGIAN INTERNATIONAL SCHOOL | 大埔區","Lions Clubs International Ho Tak Sum Primary School(0.143); International Christian Quality Music Sec. and Pri. School(0.125); 350。"",各級專項運動收費，如：攀石、游泳課等，每年收費約$100。,24,2,3,1,25間：創科學習室、校園電視台室、沉浸科技教室、音樂室、樂器學習室、視藝室、科學實驗室、芭蕾舞室、言語治療室、遊戲學習室、6個自學角,全校已舖設WIFI網絡，亦備有超過100部IPAD供電子學習之用。<br>而課室內已安裝各項電子教學設備。,斜道、暢通易達升降機、暢通易達洗手間、觸覺引路帶、暢通易達的公共詢問或服務櫃枱及視像火警警報系統。,47,50,100,100,54,20,10,18,72,4,4,4,4,4,4,24,4,4,4,4,4,4,24,以小班教學模式，按學生能力而因材施教。,-,0,2,有,0,3,有,有,有,為學生提供進展性評估課業與分程度的總結性評估課業，並透過趣味功課、假期任務、專題研習、科學實驗等，評估學生的應用共通能力，推行進展性評估。,有,有,綜合學生的學習成績、課堂表現，以及學習態度來進行分班。,5,8,30,7:40,上午,2:35,下午,11:45,12:45,由指定供應商提供及由家長安排。,「以愛牧羊，燃亮主愛」為學校營造關愛校園文化的宗旨，讓學生建立良好健康的生活習慣、正面的人生觀與價值觀，以見證主耶穌的大愛。,「並肩培育豐盛生命、攜手見證基督大愛」乃本校的辦學願景，因此本校一向著重基督教教育理念，致力培育學生正向品格。透過課程發展，將本校的正向教育核心元素包括：仁愛、成就、意義及投入，融入校本學科課程及中華文化教育，製造有意義的學習經歷及成果。,音樂教育卓越，管弦樂隊、弦樂隊、管樂隊、節奏樂隊等屢獲殊榮；積極發展體育，包括游泳課及攀石課程等；STEAM教育活動及多元智能活動豐富，包括宗教活動、資訊科技活動、閱讀、朗誦、制服團隊、戲劇、奧林匹克數學及各類資優小組等。,勉勵學生確立有意義的人生目標，培養他們具備淳樸的品格、良好的音樂情操、獨立的思考及分析能力，使之他日成為社會上有責任感和有使命感的良好公民，成為耶穌合用的器皿。,http://www.ccckeiwan.edu.hk,本校隸屬於中華基督教會香港區會，法團校董會負責監察學校的運作及提供意見。詳情可參閱本校網頁。,本校法團校董會早於2006成立，成員共十五人，包括校監、校長、神職人員、獨立的專業人士、校友、家長及教師代表，以聽取不同持分者的意見和引入不同別人士的專業知識和經驗，促進學校的持續發展。,本校積極推動環保教育，校內設立綠田園和不同的環保系統，透過可再生能源教育及種植活動，提升學生的環保意識。,,本校以愛心和耐心引導學生確立有意義的人生目標，幫助他們培養淳樸的品格、良好的音樂情操、學習豐富的知識以及鍛鍊獨立的思考和分析能力，務求盡展潛能，日後成為有使命感的良好公民，服務人群，回饋社會。,http://www.ccckeiwan.edu.hk,每天均有班主任課及早會前圖書閱讀課。課後進行不同類型的活動。逢週三、五更提早放學，為學生創造更多的學習空間與時間。<br>（請參閱本校網址：http://www.ccckeiwan.edu.hk）,1.　培養師生僕人領袖素質，建構正向文化。<br>2.　了解學生獨特之處，實踐普及資優教育。,透過各科的單元教學及STEAM活動，培育學生共通能力。強調學生自主學習及思維能力訓練，綜合應用的能力，為升中奠定良好基礎。,學校重視培育學生良好習慣，積極學習。以VASE獎勵計劃，生活化的題材，鼓勵學生積極向上，促進學生全人發展。此外，還著重聖經真理及品格培養，又透過電影教育及戲劇教育，培養學生感恩珍惜、積極樂觀的態度。,,透過拔尖補底課程、小海豚關愛計劃、大哥哥大姐姐計劃，以照顧學生學習差異，支援個別學生。為資優學生提供優質而具挑戰性的課程，包括以課堂、講座、工作坊、網上學習、遊學團及比賽等形式，讓潛能得以發揮。,本校致力落實「全校參與」模式，推行校本支援服務，服務包括及早識別及介入計劃、多元支援計劃等，以全面支援有不同學習需要的學生。,,各科的課程內容進行合適的增刪和調適，亦為有需要的同學提供增潤或調適課程，以照顧學生的多樣性。,http://www.ccckeiwan.edu.hk,1.　定期舉辦各級家長講座，支援不同成長階段的需要。<br>2.　家長教師會及家長義工，協助舉行各類大型活動，促進家校合作。,秉承區會辦學目的「透過學校、傳道服務」，藉著宗教及正向教育，培養學生愛人如己、謙虛純樸的品格。又推行校本輔導活動，善用家長與社區資源，擴闊學生生活經驗，培養積極的人生觀。,http://www.ccckeiwan.edu.hk,1.　培養學生僕人領袖素質，建構正向校園文化。<br>2.　讓學生發掘獨特之處，展現個人才能，實踐普及資優教育。,與大學專家合作進行課程研究；與中學及幼稚園進行學科銜接交流；定期舉行品德教育及生命教育培訓等。,每年學校均會舉辦不同的海外及內地交流活動（由2001年開始，本校學生已遍踏超過30個不同的海外地區，包括：英國、波蘭、德國、加拿大、澳洲、夏威夷、奧地利、新加坡、日本、韓國等地作學術或音樂交流）。<br>本校更為六年級同學提供一特色課程，同學們會到沙巴及海外等地，深度了解當地文化，並進行生態學習，拓展視野。,(0.001)"
edb_216127000123,小學,"No CHSC match","CHRISTIAN ALLIANCE P.C. LAU MEMORIAL INTERNATIONAL SCHOOL | 宣道會劉平齋紀念國際學校 | 九龍城區","Christian Alliance H.C. Chan Primary School(0.333); Christian Alliance S.Y. Yeh Memorial Primary School(0.300); Christian Alliance Toi Shan H. C. Chan Primary School(0.273)"
edb_214558000123,小學,"No CHSC match","GERMAN SWISS INTERNATIONAL SCHOOL | 德瑞國際學校 | 南區","救恩學校(0.143); 慈幼學校(0.143); 聖家學校(0.143)"
edb_216275000623,小學,"No CHSC match","AUSTRALIAN INTERNATIONAL SCHOOL HONG KONG | 香港澳洲國際學校 | 九龍城區","Canossa School (Hong Kong)(0.500); Chiu Sheung School, Hong Kong(0.429); Chiu Yang Primary School of Hong Kong(0.333)"
edb_325147000623,小學,"No CHSC match","YEW CHUNG INTERNATIONAL SCHOOL | 耀中國際學校 | 九龍城區","Chung Sing School(0.250); Tung Chung Catholic School(0.200); Taoist Ching Chung Primary School(0.200)"
edb_522775000123,小學,"No CHSC match","JAPANESE INTERNATIONAL SCHOOL | JAPANESE INTERNATIONAL SCHOOL | 大埔區","Lions Clubs International Ho Tak Sum Primary School(0.143); International Christian Quality Music Sec. and Pri. School(0.125); 350。"",各級專項運動收費，如：攀石、游泳課等，每年收費約$100。,24,2,3,1,25間：創科學習室、校園電視台室、沉浸科技教室、音樂室、樂器學習室、視藝室、科學實驗室、芭蕾舞室、言語治療室、遊戲學習室、6個自學角,全校已舖設WIFI網絡，亦備有超過100部IPAD供電子學習之用。<br>而課室內已安裝各項電子教學設備。,斜道、暢通易達升降機、暢通易達洗手間、觸覺引路帶、暢通易達的公共詢問或服務櫃枱及視像火警警報系統。,47,50,100,100,54,20,10,18,72,4,4,4,4,4,4,24,4,4,4,4,4,4,24,以小班教學模式，按學生能力而因材施教。,-,0,2,有,0,3,有,有,有,為學生提供進展性評估課業與分程度的總結性評估課業，並透過趣味功課、假期任務、專題研習、科學實驗等，評估學生的應用共通能力，推行進展性評估。,有,有,綜合學生的學習成績、課堂表現，以及學習態度來進行分班。,5,8,30,7:40,上午,2:35,下午,11:45,12:45,由指定供應商提供及由家長安排。,「以愛牧羊，燃亮主愛」為學校營造關愛校園文化的宗旨，讓學生建立良好健康的生活習慣、正面的人生觀與價值觀，以見證主耶穌的大愛。,「並肩培育豐盛生命、攜手見證基督大愛」乃本校的辦學願景，因此本校一向著重基督教教育理念，致力培育學生正向品格。透過課程發展，將本校的正向教育核心元素包括：仁愛、成就、意義及投入，融入校本學科課程及中華文化教育，製造有意義的學習經歷及成果。,音樂教育卓越，管弦樂隊、弦樂隊、管樂隊、節奏樂隊等屢獲殊榮；積極發展體育，包括游泳課及攀石課程等；STEAM教育活動及多元智能活動豐富，包括宗教活動、資訊科技活動、閱讀、朗誦、制服團隊、戲劇、奧林匹克數學及各類資優小組等。,勉勵學生確立有意義的人生目標，培養他們具備淳樸的品格、良好的音樂情操、獨立的思考及分析能力，使之他日成為社會上有責任感和有使命感的良好公民，成為耶穌合用的器皿。,http://www.ccckeiwan.edu.hk,本校隸屬於中華基督教會香港區會，法團校董會負責監察學校的運作及提供意見。詳情可參閱本校網頁。,本校法團校董會早於2006成立，成員共十五人，包括校監、校長、神職人員、獨立的專業人士、校友、家長及教師代表，以聽取不同持分者的意見和引入不同別人士的專業知識和經驗，促進學校的持續發展。,本校積極推動環保教育，校內設立綠田園和不同的環保系統，透過可再生能源教育及種植活動，提升學生的環保意識。,,本校以愛心和耐心引導學生確立有意義的人生目標，幫助他們培養淳樸的品格、良好的音樂情操、學習豐富的知識以及鍛鍊獨立的思考和分析能力，務求盡展潛能，日後成為有使命感的良好公民，服務人群，回饋社會。,http://www.ccckeiwan.edu.hk,每天均有班主任課及早會前圖書閱讀課。課後進行不同類型的活動。逢週三、五更提早放學，為學生創造更多的學習空間與時間。<br>（請參閱本校網址：http://www.ccckeiwan.edu.hk）,1.　培養師生僕人領袖素質，建構正向文化。<br>2.　了解學生獨特之處，實踐普及資優教育。,透過各科的單元教學及STEAM活動，培育學生共通能力。強調學生自主學習及思維能力訓練，綜合應用的能力，為升中奠定良好基礎。,學校重視培育學生良好習慣，積極學習。以VASE獎勵計劃，生活化的題材，鼓勵學生積極向上，促進學生全人發展。此外，還著重聖經真理及品格培養，又透過電影教育及戲劇教育，培養學生感恩珍惜、積極樂觀的態度。,,透過拔尖補底課程、小海豚關愛計劃、大哥哥大姐姐計劃，以照顧學生學習差異，支援個別學生。為資優學生提供優質而具挑戰性的課程，包括以課堂、講座、工作坊、網上學習、遊學團及比賽等形式，讓潛能得以發揮。,本校致力落實「全校參與」模式，推行校本支援服務，服務包括及早識別及介入計劃、多元支援計劃等，以全面支援有不同學習需要的學生。,,各科的課程內容進行合適的增刪和調適，亦為有需要的同學提供增潤或調適課程，以照顧學生的多樣性。,http://www.ccckeiwan.edu.hk,1.　定期舉辦各級家長講座，支援不同成長階段的需要。<br>2.　家長教師會及家長義工，協助舉行各類大型活動，促進家校合作。,秉承區會辦學目的「透過學校、傳道服務」，藉著宗教及正向教育，培養學生愛人如己、謙虛純樸的品格。又推行校本輔導活動，善用家長與社區資源，擴闊學生生活經驗，培養積極的人生觀。,http://www.ccckeiwan.edu.hk,1.　培養學生僕人領袖素質，建構正向校園文化。<br>2.　讓學生發掘獨特之處，展現個人才能，實踐普及資優教育。,與大學專家合作進行課程研究；與中學及幼稚園進行學科銜接交流；定期舉行品德教育及生命教育培訓等。,每年學校均會舉辦不同的海外及內地交流活動（由2001年開始，本校學生已遍踏超過30個不同的海外地區，包括：英國、波蘭、德國、加拿大、澳洲、夏威夷、奧地利、新加坡、日本、韓國等地作學術或音樂交流）。<br>本校更為六年級同學提供一特色課程，同學們會到沙巴及海外等地，深度了解當地文化，並進行生態學習，拓展視野。,(0.002)"
edb_539155000323,小學,"No CHSC match","HONG KONG ACADEMY | 香港學堂國際學校 | 西貢區","Canossa School (Hong Kong)(0.400); Hong Kong Baptist Convention Primary School(0.400); Chiu Sheung School, Hong Kong(0.333)"
edb_325147000423,小學,"No CHSC match","YEW CHUNG INTERNATIONAL SCHOOL | 耀中國際學校 | 九龍城區","Chung Sing School(0.250); Tung Chung Catholic School(0.200); Taoist Ching Chung Primary School(0.200)"
edb_216216000123,小學,"No CHSC match","KOREAN INTERNATIONAL SCHOOL | KOREAN INTERNATIONAL SCHOOL | 東區","Lions Clubs International Ho Tak Sum Primary School(0.143); International Christian Quality Music Sec. and Pri. School(0.125); 350。"",各級專項運動收費，如：攀石、游泳課等，每年收費約$100。,24,2,3,1,25間：創科學習室、校園電視台室、沉浸科技教室、音樂室、樂器學習室、視藝室、科學實驗室、芭蕾舞室、言語治療室、遊戲學習室、6個自學角,全校已舖設WIFI網絡，亦備有超過100部IPAD供電子學習之用。<br>而課室內已安裝各項電子教學設備。,斜道、暢通易達升降機、暢通易達洗手間、觸覺引路帶、暢通易達的公共詢問或服務櫃枱及視像火警警報系統。,47,50,100,100,54,20,10,18,72,4,4,4,4,4,4,24,4,4,4,4,4,4,24,以小班教學模式，按學生能力而因材施教。,-,0,2,有,0,3,有,有,有,為學生提供進展性評估課業與分程度的總結性評估課業，並透過趣味功課、假期任務、專題研習、科學實驗等，評估學生的應用共通能力，推行進展性評估。,有,有,綜合學生的學習成績、課堂表現，以及學習態度來進行分班。,5,8,30,7:40,上午,2:35,下午,11:45,12:45,由指定供應商提供及由家長安排。,「以愛牧羊，燃亮主愛」為學校營造關愛校園文化的宗旨，讓學生建立良好健康的生活習慣、正面的人生觀與價值觀，以見證主耶穌的大愛。,「並肩培育豐盛生命、攜手見證基督大愛」乃本校的辦學願景，因此本校一向著重基督教教育理念，致力培育學生正向品格。透過課程發展，將本校的正向教育核心元素包括：仁愛、成就、意義及投入，融入校本學科課程及中華文化教育，製造有意義的學習經歷及成果。,音樂教育卓越，管弦樂隊、弦樂隊、管樂隊、節奏樂隊等屢獲殊榮；積極發展體育，包括游泳課及攀石課程等；STEAM教育活動及多元智能活動豐富，包括宗教活動、資訊科技活動、閱讀、朗誦、制服團隊、戲劇、奧林匹克數學及各類資優小組等。,勉勵學生確立有意義的人生目標，培養他們具備淳樸的品格、良好的音樂情操、獨立的思考及分析能力，使之他日成為社會上有責任感和有使命感的良好公民，成為耶穌合用的器皿。,http://www.ccckeiwan.edu.hk,本校隸屬於中華基督教會香港區會，法團校董會負責監察學校的運作及提供意見。詳情可參閱本校網頁。,本校法團校董會早於2006成立，成員共十五人，包括校監、校長、神職人員、獨立的專業人士、校友、家長及教師代表，以聽取不同持分者的意見和引入不同別人士的專業知識和經驗，促進學校的持續發展。,本校積極推動環保教育，校內設立綠田園和不同的環保系統，透過可再生能源教育及種植活動，提升學生的環保意識。,,本校以愛心和耐心引導學生確立有意義的人生目標，幫助他們培養淳樸的品格、良好的音樂情操、學習豐富的知識以及鍛鍊獨立的思考和分析能力，務求盡展潛能，日後成為有使命感的良好公民，服務人群，回饋社會。,http://www.ccckeiwan.edu.hk,每天均有班主任課及早會前圖書閱讀課。課後進行不同類型的活動。逢週三、五更提早放學，為學生創造更多的學習空間與時間。<br>（請參閱本校網址：http://www.ccckeiwan.edu.hk）,1.　培養師生僕人領袖素質，建構正向文化。<br>2.　了解學生獨特之處，實踐普及資優教育。,透過各科的單元教學及STEAM活動，培育學生共通能力。強調學生自主學習及思維能力訓練，綜合應用的能力，為升中奠定良好基礎。,學校重視培育學生良好習慣，積極學習。以VASE獎勵計劃，生活化的題材，鼓勵學生積極向上，促進學生全人發展。此外，還著重聖經真理及品格培養，又透過電影教育及戲劇教育，培養學生感恩珍惜、積極樂觀的態度。,,透過拔尖補底課程、小海豚關愛計劃、大哥哥大姐姐計劃，以照顧學生學習差異，支援個別學生。為資優學生提供優質而具挑戰性的課程，包括以課堂、講座、工作坊、網上學習、遊學團及比賽等形式，讓潛能得以發揮。,本校致力落實「全校參與」模式，推行校本支援服務，服務包括及早識別及介入計劃、多元支援計劃等，以全面支援有不同學習需要的學生。,,各科的課程內容進行合適的增刪和調適，亦為有需要的同學提供增潤或調適課程，以照顧學生的多樣性。,http://www.ccckeiwan.edu.hk,1.　定期舉辦各級家長講座，支援不同成長階段的需要。<br>2.　家長教師會及家長義工，協助舉行各類大型活動，促進家校合作。,秉承區會辦學目的「透過學校、傳道服務」，藉著宗教及正向教育，培養學生愛人如己、謙虛純樸的品格。又推行校本輔導活動，善用家長與社區資源，擴闊學生生活經驗，培養積極的人生觀。,http://www.ccckeiwan.edu.hk,1.　培養學生僕人領袖素質，建構正向校園文化。<br>2.　讓學生發掘獨特之處，展現個人才能，實踐普及資優教育。,與大學專家合作進行課程研究；與中學及幼稚園進行學科銜接交流；定期舉行品德教育及生命教育培訓等。,每年學校均會舉辦不同的海外及內地交流活動（由2001年開始，本校學生已遍踏超過30個不同的海外地區，包括：英國、波蘭、德國、加拿大、澳洲、夏威夷、奧地利、新加坡、日本、韓國等地作學術或音樂交流）。<br>本校更為六年級同學提供一特色課程，同學們會到沙巴及海外等地，深度了解當地文化，並進行生態學習，拓展視野。,(0.002)"
edb_215589000123,小學,"No CHSC match","CHINESE INTERNATIONAL SCHOOL | 漢基國際學校 | 東區","Chinese Y.M.C.A. Primary School(0.200); Chinese Methodist School (North Point)(0.167); Chinese Methodist School, Tanner Hill(0.167)"
edb_214949000523,小學,"No CHSC match","LYC'EE FRANCAIS INTERNATIONAL (FRENCH INTERNATIONAL SCHOOL) | LYC'EE FRANCAIS INTERNATIONAL (FRENCH INTERNATIONAL SCHOOL) | 東區","Lions Clubs International Ho Tak Sum Primary School(0.100); International Christian Quality Music Sec. and Pri. School(0.091); 350。"",各級專項運動收費，如：攀石、游泳課等，每年收費約$100。,24,2,3,1,25間：創科學習室、校園電視台室、沉浸科技教室、音樂室、樂器學習室、視藝室、科學實驗室、芭蕾舞室、言語治療室、遊戲學習室、6個自學角,全校已舖設WIFI網絡，亦備有超過100部IPAD供電子學習之用。<br>而課室內已安裝各項電子教學設備。,斜道、暢通易達升降機、暢通易達洗手間、觸覺引路帶、暢通易達的公共詢問或服務櫃枱及視像火警警報系統。,47,50,100,100,54,20,10,18,72,4,4,4,4,4,4,24,4,4,4,4,4,4,24,以小班教學模式，按學生能力而因材施教。,-,0,2,有,0,3,有,有,有,為學生提供進展性評估課業與分程度的總結性評估課業，並透過趣味功課、假期任務、專題研習、科學實驗等，評估學生的應用共通能力，推行進展性評估。,有,有,綜合學生的學習成績、課堂表現，以及學習態度來進行分班。,5,8,30,7:40,上午,2:35,下午,11:45,12:45,由指定供應商提供及由家長安排。,「以愛牧羊，燃亮主愛」為學校營造關愛校園文化的宗旨，讓學生建立良好健康的生活習慣、正面的人生觀與價值觀，以見證主耶穌的大愛。,「並肩培育豐盛生命、攜手見證基督大愛」乃本校的辦學願景，因此本校一向著重基督教教育理念，致力培育學生正向品格。透過課程發展，將本校的正向教育核心元素包括：仁愛、成就、意義及投入，融入校本學科課程及中華文化教育，製造有意義的學習經歷及成果。,音樂教育卓越，管弦樂隊、弦樂隊、管樂隊、節奏樂隊等屢獲殊榮；積極發展體育，包括游泳課及攀石課程等；STEAM教育活動及多元智能活動豐富，包括宗教活動、資訊科技活動、閱讀、朗誦、制服團隊、戲劇、奧林匹克數學及各類資優小組等。,勉勵學生確立有意義的人生目標，培養他們具備淳樸的品格、良好的音樂情操、獨立的思考及分析能力，使之他日成為社會上有責任感和有使命感的良好公民，成為耶穌合用的器皿。,http://www.ccckeiwan.edu.hk,本校隸屬於中華基督教會香港區會，法團校董會負責監察學校的運作及提供意見。詳情可參閱本校網頁。,本校法團校董會早於2006成立，成員共十五人，包括校監、校長、神職人員、獨立的專業人士、校友、家長及教師代表，以聽取不同持分者的意見和引入不同別人士的專業知識和經驗，促進學校的持續發展。,本校積極推動環保教育，校內設立綠田園和不同的環保系統，透過可再生能源教育及種植活動，提升學生的環保意識。,,本校以愛心和耐心引導學生確立有意義的人生目標，幫助他們培養淳樸的品格、良好的音樂情操、學習豐富的知識以及鍛鍊獨立的思考和分析能力，務求盡展潛能，日後成為有使命感的良好公民，服務人群，回饋社會。,http://www.ccckeiwan.edu.hk,每天均有班主任課及早會前圖書閱讀課。課後進行不同類型的活動。逢週三、五更提早放學，為學生創造更多的學習空間與時間。<br>（請參閱本校網址：http://www.ccckeiwan.edu.hk）,1.　培養師生僕人領袖素質，建構正向文化。<br>2.　了解學生獨特之處，實踐普及資優教育。,透過各科的單元教學及STEAM活動，培育學生共通能力。強調學生自主學習及思維能力訓練，綜合應用的能力，為升中奠定良好基礎。,學校重視培育學生良好習慣，積極學習。以VASE獎勵計劃，生活化的題材，鼓勵學生積極向上，促進學生全人發展。此外，還著重聖經真理及品格培養，又透過電影教育及戲劇教育，培養學生感恩珍惜、積極樂觀的態度。,,透過拔尖補底課程、小海豚關愛計劃、大哥哥大姐姐計劃，以照顧學生學習差異，支援個別學生。為資優學生提供優質而具挑戰性的課程，包括以課堂、講座、工作坊、網上學習、遊學團及比賽等形式，讓潛能得以發揮。,本校致力落實「全校參與」模式，推行校本支援服務，服務包括及早識別及介入計劃、多元支援計劃等，以全面支援有不同學習需要的學生。,,各科的課程內容進行合適的增刪和調適，亦為有需要的同學提供增潤或調適課程，以照顧學生的多樣性。,http://www.ccckeiwan.edu.hk,1.　定期舉辦各級家長講座，支援不同成長階段的需要。<br>2.　家長教師會及家長義工，協助舉行各類大型活動，促進家校合作。,秉承區會辦學目的「透過學校、傳道服務」，藉著宗教及正向教育，培養學生愛人如己、謙虛純樸的品格。又推行校本輔導活動，善用家長與社區資源，擴闊學生生活經驗，培養積極的人生觀。,http://www.ccckeiwan.edu.hk,1.　培養學生僕人領袖素質，建構正向校園文化。<br>2.　讓學生發掘獨特之處，展現個人才能，實踐普及資優教育。,與大學專家合作進行課程研究；與中學及幼稚園進行學科銜接交流；定期舉行品德教育及生命教育培訓等。,每年學校均會舉辦不同的海外及內地交流活動（由2001年開始，本校學生已遍踏超過30個不同的海外地區，包括：英國、波蘭、德國、加拿大、澳洲、夏威夷、奧地利、新加坡、日本、韓國等地作學術或音樂交流）。<br>本校更為六年級同學提供一特色課程，同學們會到沙巴及海外等地，深度了解當地文化，並進行生態學習，拓展視野。,(0.001)"
edb_541915000123,小學,"No CHSC match","KINGSTON INTERNATIONAL SCHOOL | 京斯敦國際學校 | 九龍城區","Lions Clubs International Ho Tak Sum Primary School(0.143); International Christian Quality Music Sec. and Pri. School(0.125); 救恩學校(0.125)"
edb_570370000323,小學,"No CHSC match","THE HARBOUR SCHOOL | 港灣學校 | 南區","救恩學校(0.200); 慈幼學校(0.200); 聖家學校(0.200)"
edb_214558000121,小學,"No CHSC match","GERMAN SWISS INTERNATIONAL SCHOOL | 德瑞國際學校 | 南區","救恩學校(0.143); 慈幼學校(0.143); 聖家學校(0.143)"
edb_518620000423,小學,"No CHSC match","LANTAU INTERNATIONAL SCHOOL | LANTAU INTERNATIONAL SCHOOL | 離島區","Lions Clubs International Ho Tak Sum Primary School(0.143); International Christian Quality Music Sec. and Pri. School(0.125); 350。"",各級專項運動收費，如：攀石、游泳課等，每年收費約$100。,24,2,3,1,25間：創科學習室、校園電視台室、沉浸科技教室、音樂室、樂器學習室、視藝室、科學實驗室、芭蕾舞室、言語治療室、遊戲學習室、6個自學角,全校已舖設WIFI網絡，亦備有超過100部IPAD供電子學習之用。<br>而課室內已安裝各項電子教學設備。,斜道、暢通易達升降機、暢通易達洗手間、觸覺引路帶、暢通易達的公共詢問或服務櫃枱及視像火警警報系統。,47,50,100,100,54,20,10,18,72,4,4,4,4,4,4,24,4,4,4,4,4,4,24,以小班教學模式，按學生能力而因材施教。,-,0,2,有,0,3,有,有,有,為學生提供進展性評估課業與分程度的總結性評估課業，並透過趣味功課、假期任務、專題研習、科學實驗等，評估學生的應用共通能力，推行進展性評估。,有,有,綜合學生的學習成績、課堂表現，以及學習態度來進行分班。,5,8,30,7:40,上午,2:35,下午,11:45,12:45,由指定供應商提供及由家長安排。,「以愛牧羊，燃亮主愛」為學校營造關愛校園文化的宗旨，讓學生建立良好健康的生活習慣、正面的人生觀與價值觀，以見證主耶穌的大愛。,「並肩培育豐盛生命、攜手見證基督大愛」乃本校的辦學願景，因此本校一向著重基督教教育理念，致力培育學生正向品格。透過課程發展，將本校的正向教育核心元素包括：仁愛、成就、意義及投入，融入校本學科課程及中華文化教育，製造有意義的學習經歷及成果。,音樂教育卓越，管弦樂隊、弦樂隊、管樂隊、節奏樂隊等屢獲殊榮；積極發展體育，包括游泳課及攀石課程等；STEAM教育活動及多元智能活動豐富，包括宗教活動、資訊科技活動、閱讀、朗誦、制服團隊、戲劇、奧林匹克數學及各類資優小組等。,勉勵學生確立有意義的人生目標，培養他們具備淳樸的品格、良好的音樂情操、獨立的思考及分析能力，使之他日成為社會上有責任感和有使命感的良好公民，成為耶穌合用的器皿。,http://www.ccckeiwan.edu.hk,本校隸屬於中華基督教會香港區會，法團校董會負責監察學校的運作及提供意見。詳情可參閱本校網頁。,本校法團校董會早於2006成立，成員共十五人，包括校監、校長、神職人員、獨立的專業人士、校友、家長及教師代表，以聽取不同持分者的意見和引入不同別人士的專業知識和經驗，促進學校的持續發展。,本校積極推動環保教育，校內設立綠田園和不同的環保系統，透過可再生能源教育及種植活動，提升學生的環保意識。,,本校以愛心和耐心引導學生確立有意義的人生目標，幫助他們培養淳樸的品格、良好的音樂情操、學習豐富的知識以及鍛鍊獨立的思考和分析能力，務求盡展潛能，日後成為有使命感的良好公民，服務人群，回饋社會。,http://www.ccckeiwan.edu.hk,每天均有班主任課及早會前圖書閱讀課。課後進行不同類型的活動。逢週三、五更提早放學，為學生創造更多的學習空間與時間。<br>（請參閱本校網址：http://www.ccckeiwan.edu.hk）,1.　培養師生僕人領袖素質，建構正向文化。<br>2.　了解學生獨特之處，實踐普及資優教育。,透過各科的單元教學及STEAM活動，培育學生共通能力。強調學生自主學習及思維能力訓練，綜合應用的能力，為升中奠定良好基礎。,學校重視培育學生良好習慣，積極學習。以VASE獎勵計劃，生活化的題材，鼓勵學生積極向上，促進學生全人發展。此外，還著重聖經真理及品格培養，又透過電影教育及戲劇教育，培養學生感恩珍惜、積極樂觀的態度。,,透過拔尖補底課程、小海豚關愛計劃、大哥哥大姐姐計劃，以照顧學生學習差異，支援個別學生。為資優學生提供優質而具挑戰性的課程，包括以課堂、講座、工作坊、網上學習、遊學團及比賽等形式，讓潛能得以發揮。,本校致力落實「全校參與」模式，推行校本支援服務，服務包括及早識別及介入計劃、多元支援計劃等，以全面支援有不同學習需要的學生。,,各科的課程內容進行合適的增刪和調適，亦為有需要的同學提供增潤或調適課程，以照顧學生的多樣性。,http://www.ccckeiwan.edu.hk,1.　定期舉辦各級家長講座，支援不同成長階段的需要。<br>2.　家長教師會及家長義工，協助舉行各類大型活動，促進家校合作。,秉承區會辦學目的「透過學校、傳道服務」，藉著宗教及正向教育，培養學生愛人如己、謙虛純樸的品格。又推行校本輔導活動，善用家長與社區資源，擴闊學生生活經驗，培養積極的人生觀。,http://www.ccckeiwan.edu.hk,1.　培養學生僕人領袖素質，建構正向校園文化。<br>2.　讓學生發掘獨特之處，展現個人才能，實踐普及資優教育。,與大學專家合作進行課程研究；與中學及幼稚園進行學科銜接交流；定期舉行品德教育及生命教育培訓等。,每年學校均會舉辦不同的海外及內地交流活動（由2001年開始，本校學生已遍踏超過30個不同的海外地區，包括：英國、波蘭、德國、加拿大、澳洲、夏威夷、奧地利、新加坡、日本、韓國等地作學術或音樂交流）。<br>本校更為六年級同學提供一特色課程，同學們會到沙巴及海外等地，深度了解當地文化，並進行生態學習，拓展視野。,(0.001)"
edb_214949000123,小學,"No CHSC match","LYC'EE FRANCAIS INTERNATIONAL (FRENCH INTERNATIONAL SCHOOL) | LYC'EE FRANCAIS INTERNATIONAL (FRENCH INTERNATIONAL SCHOOL) | 東區","Lions Clubs International Ho Tak Sum Primary School(0.100); International Christian Quality Music Sec. and Pri. School(0.091); 350。"",各級專項運動收費，如：攀石、游泳課等，每年收費約$100。,24,2,3,1,25間：創科學習室、校園電視台室、沉浸科技教室、音樂室、樂器學習室、視藝室、科學實驗室、芭蕾舞室、言語治療室、遊戲學習室、6個自學角,全校已舖設WIFI網絡，亦備有超過100部IPAD供電子學習之用。<br>而課室內已安裝各項電子教學設備。,斜道、暢通易達升降機、暢通易達洗手間、觸覺引路帶、暢通易達的公共詢問或服務櫃枱及視像火警警報系統。,47,50,100,100,54,20,10,18,72,4,4,4,4,4,4,24,4,4,4,4,4,4,24,以小班教學模式，按學生能力而因材施教。,-,0,2,有,0,3,有,有,有,為學生提供進展性評估課業與分程度的總結性評估課業，並透過趣味功課、假期任務、專題研習、科學實驗等，評估學生的應用共通能力，推行進展性評估。,有,有,綜合學生的學習成績、課堂表現，以及學習態度來進行分班。,5,8,30,7:40,上午,2:35,下午,11:45,12:45,由指定供應商提供及由家長安排。,「以愛牧羊，燃亮主愛」為學校營造關愛校園文化的宗旨，讓學生建立良好健康的生活習慣、正面的人生觀與價值觀，以見證主耶穌的大愛。,「並肩培育豐盛生命、攜手見證基督大愛」乃本校的辦學願景，因此本校一向著重基督教教育理念，致力培育學生正向品格。透過課程發展，將本校的正向教育核心元素包括：仁愛、成就、意義及投入，融入校本學科課程及中華文化教育，製造有意義的學習經歷及成果。,音樂教育卓越，管弦樂隊、弦樂隊、管樂隊、節奏樂隊等屢獲殊榮；積極發展體育，包括游泳課及攀石課程等；STEAM教育活動及多元智能活動豐富，包括宗教活動、資訊科技活動、閱讀、朗誦、制服團隊、戲劇、奧林匹克數學及各類資優小組等。,勉勵學生確立有意義的人生目標，培養他們具備淳樸的品格、良好的音樂情操、獨立的思考及分析能力，使之他日成為社會上有責任感和有使命感的良好公民，成為耶穌合用的器皿。,http://www.ccckeiwan.edu.hk,本校隸屬於中華基督教會香港區會，法團校董會負責監察學校的運作及提供意見。詳情可參閱本校網頁。,本校法團校董會早於2006成立，成員共十五人，包括校監、校長、神職人員、獨立的專業人士、校友、家長及教師代表，以聽取不同持分者的意見和引入不同別人士的專業知識和經驗，促進學校的持續發展。,本校積極推動環保教育，校內設立綠田園和不同的環保系統，透過可再生能源教育及種植活動，提升學生的環保意識。,,本校以愛心和耐心引導學生確立有意義的人生目標，幫助他們培養淳樸的品格、良好的音樂情操、學習豐富的知識以及鍛鍊獨立的思考和分析能力，務求盡展潛能，日後成為有使命感的良好公民，服務人群，回饋社會。,http://www.ccckeiwan.edu.hk,每天均有班主任課及早會前圖書閱讀課。課後進行不同類型的活動。逢週三、五更提早放學，為學生創造更多的學習空間與時間。<br>（請參閱本校網址：http://www.ccckeiwan.edu.hk）,1.　培養師生僕人領袖素質，建構正向文化。<br>2.　了解學生獨特之處，實踐普及資優教育。,透過各科的單元教學及STEAM活動，培育學生共通能力。強調學生自主學習及思維能力訓練，綜合應用的能力，為升中奠定良好基礎。,學校重視培育學生良好習慣，積極學習。以VASE獎勵計劃，生活化的題材，鼓勵學生積極向上，促進學生全人發展。此外，還著重聖經真理及品格培養，又透過電影教育及戲劇教育，培養學生感恩珍惜、積極樂觀的態度。,,透過拔尖補底課程、小海豚關愛計劃、大哥哥大姐姐計劃，以照顧學生學習差異，支援個別學生。為資優學生提供優質而具挑戰性的課程，包括以課堂、講座、工作坊、網上學習、遊學團及比賽等形式，讓潛能得以發揮。,本校致力落實「全校參與」模式，推行校本支援服務，服務包括及早識別及介入計劃、多元支援計劃等，以全面支援有不同學習需要的學生。,,各科的課程內容進行合適的增刪和調適，亦為有需要的同學提供增潤或調適課程，以照顧學生的多樣性。,http://www.ccckeiwan.edu.hk,1.　定期舉辦各級家長講座，支援不同成長階段的需要。<br>2.　家長教師會及家長義工，協助舉行各類大型活動，促進家校合作。,秉承區會辦學目的「透過學校、傳道服務」，藉著宗教及正向教育，培養學生愛人如己、謙虛純樸的品格。又推行校本輔導活動，善用家長與社區資源，擴闊學生生活經驗，培養積極的人生觀。,http://www.ccckeiwan.edu.hk,1.　培養學生僕人領袖素質，建構正向校園文化。<br>2.　讓學生發掘獨特之處，展現個人才能，實踐普及資優教育。,與大學專家合作進行課程研究；與中學及幼稚園進行學科銜接交流；定期舉行品德教育及生命教育培訓等。,每年學校均會舉辦不同的海外及內地交流活動（由2001年開始，本校學生已遍踏超過30個不同的海外地區，包括：英國、波蘭、德國、加拿大、澳洲、夏威夷、奧地利、新加坡、日本、韓國等地作學術或音樂交流）。<br>本校更為六年級同學提供一特色課程，同學們會到沙巴及海外等地，深度了解當地文化，並進行生態學習，拓展視野。,(0.001)"
edb_606766000123,小學,"No CHSC match","MALVERN COLLEGE HONG KONG | 香港墨爾文國際學校 | 大埔區","Canossa School (Hong Kong)(0.333); Hong Kong Baptist Convention Primary School(0.333); Chiu Sheung School, Hong Kong(0.286)"
edb_603902000123,小學,"No CHSC match","AMERICAN SCHOOL HONG KONG | AMERICAN SCHOOL HONG KONG | 大埔區","Canossa School (Hong Kong)(0.600); Chiu Sheung School, Hong Kong(0.500); Chiu Yang Primary School of Hong Kong(0.375)"
edb_607525000123,小學,"No CHSC match","SHREWSBURY INTERNATIONAL SCHOOL HONG KONG | 思貝禮國際學校 | 西貢區","Canossa School (Hong Kong)(0.500); Chiu Sheung School, Hong Kong(0.429); Chiu Yang Primary School of Hong Kong(0.333)"
edb_214949000723,小學,"No CHSC match","LYC'EE FRANCAIS INTERNATIONAL (FRENCH INTERNATIONAL SCHOOL) | LYC'EE FRANCAIS INTERNATIONAL (FRENCH INTERNATIONAL SCHOOL) | 東區","Lions Clubs International Ho Tak Sum Primary School(0.100); International Christian Quality Music Sec. and Pri. School(0.091); 350。"",各級專項運動收費，如：攀石、游泳課等，每年收費約$100。,24,2,3,1,25間：創科學習室、校園電視台室、沉浸科技教室、音樂室、樂器學習室、視藝室、科學實驗室、芭蕾舞室、言語治療室、遊戲學習室、6個自學角,全校已舖設WIFI網絡，亦備有超過100部IPAD供電子學習之用。<br>而課室內已安裝各項電子教學設備。,斜道、暢通易達升降機、暢通易達洗手間、觸覺引路帶、暢通易達的公共詢問或服務櫃枱及視像火警警報系統。,47,50,100,100,54,20,10,18,72,4,4,4,4,4,4,24,4,4,4,4,4,4,24,以小班教學模式，按學生能力而因材施教。,-,0,2,有,0,3,有,有,有,為學生提供進展性評估課業與分程度的總結性評估課業，並透過趣味功課、假期任務、專題研習、科學實驗等，評估學生的應用共通能力，推行進展性評估。,有,有,綜合學生的學習成績、課堂表現，以及學習態度來進行分班。,5,8,30,7:40,上午,2:35,下午,11:45,12:45,由指定供應商提供及由家長安排。,「以愛牧羊，燃亮主愛」為學校營造關愛校園文化的宗旨，讓學生建立良好健康的生活習慣、正面的人生觀與價值觀，以見證主耶穌的大愛。,「並肩培育豐盛生命、攜手見證基督大愛」乃本校的辦學願景，因此本校一向著重基督教教育理念，致力培育學生正向品格。透過課程發展，將本校的正向教育核心元素包括：仁愛、成就、意義及投入，融入校本學科課程及中華文化教育，製造有意義的學習經歷及成果。,音樂教育卓越，管弦樂隊、弦樂隊、管樂隊、節奏樂隊等屢獲殊榮；積極發展體育，包括游泳課及攀石課程等；STEAM教育活動及多元智能活動豐富，包括宗教活動、資訊科技活動、閱讀、朗誦、制服團隊、戲劇、奧林匹克數學及各類資優小組等。,勉勵學生確立有意義的人生目標，培養他們具備淳樸的品格、良好的音樂情操、獨立的思考及分析能力，使之他日成為社會上有責任感和有使命感的良好公民，成為耶穌合用的器皿。,http://www.ccckeiwan.edu.hk,本校隸屬於中華基督教會香港區會，法團校董會負責監察學校的運作及提供意見。詳情可參閱本校網頁。,本校法團校董會早於2006成立，成員共十五人，包括校監、校長、神職人員、獨立的專業人士、校友、家長及教師代表，以聽取不同持分者的意見和引入不同別人士的專業知識和經驗，促進學校的持續發展。,本校積極推動環保教育，校內設立綠田園和不同的環保系統，透過可再生能源教育及種植活動，提升學生的環保意識。,,本校以愛心和耐心引導學生確立有意義的人生目標，幫助他們培養淳樸的品格、良好的音樂情操、學習豐富的知識以及鍛鍊獨立的思考和分析能力，務求盡展潛能，日後成為有使命感的良好公民，服務人群，回饋社會。,http://www.ccckeiwan.edu.hk,每天均有班主任課及早會前圖書閱讀課。課後進行不同類型的活動。逢週三、五更提早放學，為學生創造更多的學習空間與時間。<br>（請參閱本校網址：http://www.ccckeiwan.edu.hk）,1.　培養師生僕人領袖素質，建構正向文化。<br>2.　了解學生獨特之處，實踐普及資優教育。,透過各科的單元教學及STEAM活動，培育學生共通能力。強調學生自主學習及思維能力訓練，綜合應用的能力，為升中奠定良好基礎。,學校重視培育學生良好習慣，積極學習。以VASE獎勵計劃，生活化的題材，鼓勵學生積極向上，促進學生全人發展。此外，還著重聖經真理及品格培養，又透過電影教育及戲劇教育，培養學生感恩珍惜、積極樂觀的態度。,,透過拔尖補底課程、小海豚關愛計劃、大哥哥大姐姐計劃，以照顧學生學習差異，支援個別學生。為資優學生提供優質而具挑戰性的課程，包括以課堂、講座、工作坊、網上學習、遊學團及比賽等形式，讓潛能得以發揮。,本校致力落實「全校參與」模式，推行校本支援服務，服務包括及早識別及介入計劃、多元支援計劃等，以全面支援有不同學習需要的學生。,,各科的課程內容進行合適的增刪和調適，亦為有需要的同學提供增潤或調適課程，以照顧學生的多樣性。,http://www.ccckeiwan.edu.hk,1.　定期舉辦各級家長講座，支援不同成長階段的需要。<br>2.　家長教師會及家長義工，協助舉行各類大型活動，促進家校合作。,秉承區會辦學目的「透過學校、傳道服務」，藉著宗教及正向教育，培養學生愛人如己、謙虛純樸的品格。又推行校本輔導活動，善用家長與社區資源，擴闊學生生活經驗，培養積極的人生觀。,http://www.ccckeiwan.edu.hk,1.　培養學生僕人領袖素質，建構正向校園文化。<br>2.　讓學生發掘獨特之處，展現個人才能，實踐普及資優教育。,與大學專家合作進行課程研究；與中學及幼稚園進行學科銜接交流；定期舉行品德教育及生命教育培訓等。,每年學校均會舉辦不同的海外及內地交流活動（由2001年開始，本校學生已遍踏超過30個不同的海外地區，包括：英國、波蘭、德國、加拿大、澳洲、夏威夷、奧地利、新加坡、日本、韓國等地作學術或音樂交流）。<br>本校更為六年級同學提供一特色課程，同學們會到沙巴及海外等地，深度了解當地文化，並進行生態學習，拓展視野。,(0.001)"
edb_230979000123,小學,"No CHSC match","INTERNATIONAL COLLEGE HONG KONG HONG LOK YUEN (PRIMARY SECTION) | INTERNATIONAL COLLEGE HONG KONG HONG LOK YUEN (PRIMARY SECTION) | 大埔區","Raimondi College Primary Section(0.333); Hon Wah College (Primary Section)(0.300); St. Johannes College (Primary Section)(0.300)"
edb_534579000133,中學,"No CHSC match","SEAR ROGERS INTERNATIONAL SCHOOL | 弘爵國際學校 | 荃灣區","德望學校(0.143); Lions Clubs International Tseung Chui King College(0.125); 鄧鏡波學校(0.125)"
edb_215406000433,中學,"No CHSC match","KELLETT SCHOOL | KELLETT SCHOOL | 觀塘區","Diocesan Boys' School(0.000); Diocesan Girls' School(0.000); Po Leung Kuk Lo Kit Sing (1983) College(0.000)"
edb_548430000633,中學,"No CHSC match","THE INTERNATIONAL MONTESSORI SCHOOL - AN IMEF SCHOOL | 蒙特梭利國際學校 | 南區","Delia Memorial School (Broadway)(0.143); Concordia Lutheran School - North Point(0.125); Delia Memorial School (Glee Path)(0.125)"
edb_570370000333,中學,"No CHSC match","THE HARBOUR SCHOOL | 港灣學校 | 南區","德望學校(0.200); 鄧鏡波學校(0.167); 聖保祿學校(0.167)"
edb_598356000333,中學,"No CHSC match","NORD ANGLIA INTERNATIONAL SCHOOL, HONG KONG | NORD ANGLIA INTERNATIONAL SCHOOL, HONG KONG | 觀塘區","The True Light School of Hong Kong(0.333); Hong Kong Sea School(0.286); Hong Kong True Light College(0.250)"
edb_605557000133,中學,"No CHSC match","CHRISTIAN ALLIANCE INTERNATIONAL SCHOOL | 宣道國際學校 | 深水埗區","Christian Alliance College(0.667); Christian Alliance Cheng Wing Gee College(0.333); Christian & Missionary Alliance Sun Kei Secondary School(0.286)"
edb_215791000133,中學,"No CHSC match","DSC INTERNATIONAL SCHOOL | 德思齊加拿大國際學校 | 東區","Lions Clubs International Tseung Chui King College(0.143); 加拿大神召會嘉智中學(0.125); 德望學校(0.091)"
edb_216003000433,中學,"No CHSC match","SINGAPORE INTERNATIONAL SCHOOL (HONG KONG) | 新加坡國際學校 | 南區","The True Light School of Hong Kong(0.375); Hong Kong Sea School(0.333); Hong Kong True Light College(0.286)"
edb_216011000533,中學,"No CHSC match","CANADIAN INTERNATIONAL SCHOOL | 加拿大國際學校 | 南區","加拿大神召會嘉智中學(0.154); Lions Clubs International Tseung Chui King College(0.143); 德望學校(0.125)"
edb_287695000233,中學,"No CHSC match","AMERICAN INTERNATIONAL SCHOOL | 美國國際學校 | 九龍城區","Lions Clubs International Tseung Chui King College(0.143); 德望學校(0.143); 鄧鏡波學校(0.125)"
edb_230987000233,中學,"No CHSC match","DISCOVERY BAY INTERNATIONAL SCHOOL | DISCOVERY BAY INTERNATIONAL SCHOOL | 離島區","Lions Clubs International Tseung Chui King College(0.125); Diocesan Boys' School(0.000); Diocesan Girls' School(0.000)"
edb_215996000133,中學,"No CHSC match","CONCORDIA INTERNATIONAL SCHOOL | 協同國際學校 | 深水埗區","Concordia Lutheran School(0.333); Concordia Lutheran School - North Point(0.167); Lions Clubs International Tseung Chui King College(0.143)"
edb_539155000333,中學,"No CHSC match","HONG KONG ACADEMY | 香港學堂國際學校 | 西貢區","Hong Kong Sea School(0.500); Hong Kong True Light College(0.400); Munsang College (Hong Kong Island)(0.333)"
edb_214558000133,中學,"No CHSC match","GERMAN SWISS INTERNATIONAL SCHOOL | 德瑞國際學校 | 南區","德望學校(0.143); Lions Clubs International Tseung Chui King College(0.125); 鄧鏡波學校(0.125)"
edb_215589000133,中學,"No CHSC match","CHINESE INTERNATIONAL SCHOOL | 漢基國際學校 | 東區","The Chinese Foundation Secondary School(0.333); Chinese Y.M.C.A. College(0.200); Chinese Y.M.C.A. Secondary School(0.200)"
edb_216275000633,中學,"No CHSC match","AUSTRALIAN INTERNATIONAL SCHOOL HONG KONG | 香港澳洲國際學校 | 九龍城區","The True Light School of Hong Kong(0.375); Hong Kong Sea School(0.333); Hong Kong True Light College(0.286)"
edb_216216000133,中學,"No CHSC match","KOREAN INTERNATIONAL SCHOOL | KOREAN INTERNATIONAL SCHOOL | 東區","Lions Clubs International Tseung Chui King College(0.143); Diocesan Boys' School(0.000); Diocesan Girls' School(0.000)"
edb_213772000233,中學,"No CHSC match","HONG KONG INTERNATIONAL SCHOOL | HONG KONG INTERNATIONAL SCHOOL | 南區","Hong Kong Sea School(0.500); Hong Kong True Light College(0.400); Munsang College (Hong Kong Island)(0.333)"
edb_590800000133,中學,"No CHSC match","HARROW INTERNATIONAL SCHOOL HONG KONG | 哈羅香港國際學校 | 屯門區","The True Light School of Hong Kong(0.375); Hong Kong Sea School(0.333); Hong Kong True Light College(0.286)"
edb_230987000133,中學,"No CHSC match","DISCOVERY BAY INTERNATIONAL SCHOOL | DISCOVERY BAY INTERNATIONAL SCHOOL | 離島區","Lions Clubs International Tseung Chui King College(0.125); Diocesan Boys' School(0.000); Diocesan Girls' School(0.000)"
edb_214949000433,中學,"No CHSC match","LYC'EE FRANCAIS INTERNATIONAL (FRENCH INTERNATIONAL SCHOOL) | LYC'EE FRANCAIS INTERNATIONAL (FRENCH INTERNATIONAL SCHOOL) | 東區","Lions Clubs International Tseung Chui King College(0.100); Diocesan Boys' School(0.000); Diocesan Girls' School(0.000)"
edb_578789000133,中學,"No CHSC match","INTERNATIONAL COLLEGE HONG KONG (NEW TERRITORIES) | INTERNATIONAL COLLEGE HONG KONG (NEW TERRITORIES) | 北區","Munsang College (Hong Kong Island)(0.375); Wah Yan College Hong Kong(0.375); Hong Kong Sea School(0.286)"
edb_317357000133,中學,"No CHSC match","HONGKONG JAPANESE SCHOOL | HONGKONG JAPANESE SCHOOL | 灣仔區","Diocesan Boys' School(0.000); Diocesan Girls' School(0.000); Po Leung Kuk Lo Kit Sing (1983) College(0.000)"
edb_606766000133,中學,"No CHSC match","MALVERN COLLEGE HONG KONG | 香港墨爾文國際學校 | 大埔區","Munsang College (Hong Kong Island)(0.500); Wah Yan College Hong Kong(0.500); Hong Kong Sea School(0.400)"
edb_603902000133,中學,"No CHSC match","AMERICAN SCHOOL HONG KONG | AMERICAN SCHOOL HONG KONG | 大埔區","The True Light School of Hong Kong(0.429); Hong Kong Sea School(0.400); Hong Kong True Light College(0.333)"
edb_214949000733,中學,"No CHSC match","LYC'EE FRANCAIS INTERNATIONAL (FRENCH INTERNATIONAL SCHOOL) | LYC'EE FRANCAIS INTERNATIONAL (FRENCH INTERNATIONAL SCHOOL) | 東區","Lions Clubs International Tseung Chui King College(0.100); Diocesan Boys' School(0.000); Diocesan Girls' School(0.000)"
edb_130060000123,小學,"No CHSC match","VNSAA ST. HILARY'S SCHOOL | 漢師德萃學校 | 油尖旺區","St. Anthony's School(0.400); St. Clare's Primary School(0.400); St. Joseph's Primary School(0.400)"
edb_603600000123,小學,"No CHSC match","ST. HILARY'S PRIMARY SCHOOL | 德萃小學 | 大埔區","St. Anthony's School(0.500); St. Clare's Primary School(0.500); St. Joseph's Primary School(0.500)"
edb_543560000423,小學,"No CHSC match","PO LEUNG KUK CHOI KAI YAU SCHOOL | 保良局蔡繼有學校 | 深水埗區","Po Leung Kuk Castar Primary School(0.429); Po Leung Kuk Grandmont Primary School(0.429); Po Leung Kuk Chan Yat Primary School(0.375)"
edb_626902000123,小學,"No CHSC match","LINDEN SCHOOL | 博睿學校 | 深水埗區","救恩學校(0.200); 慈幼學校(0.200); 聖家學校(0.200)"
edb_615285000123,小學,"No CHSC match","INVICTUS SCHOOL | INVICTUS SCHOOL | 西貢區","S.K.H. St. Matthew's Primary School(0.000); St. Paul's College Primary School(0.000); Catholic Mission School(0.000)"
edb_607371000223,小學,"No CHSC match","DALTON SCHOOL HONG KONG | 香港道爾頓學校 | 灣仔區","Canossa School (Hong Kong)(0.600); Chiu Sheung School, Hong Kong(0.500); Chiu Yang Primary School of Hong Kong(0.375)"
edb_589055000123,小學,"No CHSC match","YMCA CHRISTIAN ACADEMY | 中華基督教青年會基雋小學 | 中西區","中華基督教青年會小學(0.667); 中華基督教會基灣小學(0.429); 中華基督教會基法小學(0.429)"
edb_609781000123,小學,"No CHSC match","HONGKONG LIMAI SCHOOL | 香港力邁學校 | 油尖旺區","香港潮商學校(0.250); 香港嘉諾撒學校(0.222); 香港道教聯合會雲泉學校(0.154)"
edb_609781000223,小學,"No CHSC match","HONGKONG LIMAI SCHOOL | 香港力邁學校 | 油尖旺區","香港潮商學校(0.250); 香港嘉諾撒學校(0.222); 香港道教聯合會雲泉學校(0.154)"
edb_112720000123,小學,"No CHSC match","R.T.C. GAIA SCHOOL | 鄉師自然學校 | 屯門區","G.C.C.I.T.K.D. Cheong Wong Wai Primary School(0.182); S.R.B.C.E.P.S.A. Ho Sau Ki School(0.182); C.C.C. Kei Wan Primary School(0.167)"
edb_596140000123,小學,"No CHSC match","FOREST HOUSE WALDORF SCHOOL | 樹宏學校 | 西貢區","救恩學校(0.200); 慈幼學校(0.200); 聖家學校(0.200)"
edb_617334000123,小學,"No CHSC match","OXBRIDGE BRITISH SCHOOL | 劍津英國學校 | 九龍城區","救恩學校(0.143); 慈幼學校(0.143); 聖家學校(0.143)"
edb_620548000123,小學,"No CHSC match","GARDEN HOUSE WALDORF SCHOOL | 花園華德福學校 | 西貢區","華德學校(0.286); 九龍塘天主教華德學校(0.154); 救恩學校(0.125)"
edb_617334000223,小學,"No CHSC match","OXBRIDGE BRITISH SCHOOL | 劍津英國學校 | 九龍城區","救恩學校(0.143); 慈幼學校(0.143); 聖家學校(0.143)"
edb_620785000123,小學,"No CHSC match","ANFIELD ST. BOSCO KOON YING SCHOOL | 安菲爾聖鮑思高冠英學校 | 元朗區","St. Charles School(0.167); St. Antonius Primary School(0.167); Tung Koon School(0.167)"
edb_606812000123,小學,"No CHSC match","ACADEMY OF INNOVATION PRIMARY SCHOOL | 禮仁小學 | 灣仔區","獻主會溥仁小學(0.286); Anchors Academy(0.250); 番禺會所華仁小學(0.250)"
edb_571130000323,小學,"No CHSC match","AOI PUI SCHOOL | 愛培學校 | 九龍城區","Pui Kiu Primary School(0.333); Pui Ching Primary School(0.333); Pui Kiu College(0.333)"
edb_609498000223,小學,"No CHSC match","SPANISH SCHOOL OF HONG KONG | 香港西班牙學校 | 大埔區","Canossa School (Hong Kong)(0.500); Chiu Yang Primary School of Hong Kong(0.500); Chiu Sheung School, Hong Kong(0.429)"
edb_619957000123,小學,"No CHSC match","AP SCHOOL | 奧柏學校 | 觀塘區","救恩學校(0.200); 慈幼學校(0.200); 聖家學校(0.200)"
edb_609498000123,小學,"No CHSC match","SPANISH SCHOOL OF HONG KONG | 香港西班牙學校 | 大埔區","Canossa School (Hong Kong)(0.500); Chiu Yang Primary School of Hong Kong(0.500); Chiu Sheung School, Hong Kong(0.429)"
edb_216224000123,小學,"No CHSC match","AOG ST. HILARY'S COLLEGE | 神召會德萃書院 | 黃大仙區","St. Anthony's School(0.400); St. Clare's Primary School(0.400); St. Joseph's Primary School(0.400)"
edb_607290000123,小學,"No CHSC match","HKCA PO LEUNG KUK SCHOOL | 保良局建造商會學校 | 灣仔區","Po Leung Kuk Castar Primary School(0.600); Po Leung Kuk Grandmont Primary School(0.600); Po Leung Kuk Chan Yat Primary School(0.500)"
edb_605638000123,小學,"No CHSC match","STAMFORD AMERICAN SCHOOL HONG KONG | STAMFORD AMERICAN SCHOOL HONG KONG | 九龍城區","Canossa School (Hong Kong)(0.500); Chiu Sheung School, Hong Kong(0.429); Chiu Yang Primary School of Hong Kong(0.333)"
edb_608327000123,小學,"No CHSC match","SHEMA ACADEMY | 示昕學校 | 觀塘區","Anchors Academy(0.333); ELCHK Lutheran Academy(0.250); The HKCCC Union Logos Academy(0.200)"
edb_579009000123,小學,"No CHSC match","SILVERMINE BAY SCHOOL | 銀礦灣學校 | 離島區","Aldrich Bay Government Primary School(0.250); 救恩學校(0.167); 慈幼學校(0.167)"
edb_607819000123,小學,"No CHSC match","HAN ACADEMY | 漢鼎書院 | 南區","Anchors Academy(0.333); ELCHK Lutheran Academy(0.250); The HKCCC Union Logos Academy(0.200)"
edb_611751000123,小學,"No CHSC match","WYCOMBE ABBEY SCHOOL HONG KONG | 香港威雅學校 | 南區","Canossa School (Hong Kong)(0.500); Chiu Sheung School, Hong Kong(0.429); Chiu Yang Primary School of Hong Kong(0.333)"
edb_608319000223,小學,"No CHSC match","ISLAND WALDORF SCHOOL | 香島華德福學校 | 中西區","華德學校(0.286); 九龍塘天主教華德學校(0.154); Chan's Creative School (H.K. Island)(0.125)"
edb_587567000123,小學,"No CHSC match","ANFIELD SCHOOL | 安菲爾學校 | 沙田區","救恩學校(0.167); 慈幼學校(0.167); 聖家學校(0.167)"
edb_617393000123,小學,"No CHSC match","BLOOM KKCA ACADEMY | 百卉九江書院 | 深水埗區","Anchors Academy(0.250); ELCHK Lutheran Academy(0.200); The HKCCC Union Logos Academy(0.167)"
edb_512516000123,小學,"No CHSC match","KOWLOON TONG SCHOOL | 九龍塘學校 | 九龍城區","Kowloon Tong Government Primary School(0.667); 九龍塘學校（小學部）(0.444); Kowloon Tong Bishop Walsh Catholic School(0.400)"
edb_590371000223,小學,"No CHSC match","DISCOVERY MIND PRIMARY SCHOOL | 弘志學校 | 離島區","救恩學校(0.200); 慈幼學校(0.200); 聖家學校(0.200)"
edb_567485000123,小學,"No CHSC match","RENAISSANCE COLLEGE | 啓新書院 | 沙田區","播道書院(0.200); 培僑書院(0.200); 民生書院小學(0.143)"
edb_569836000123,小學,"No CHSC match","INTERNATIONAL CHRISTIAN SCHOOL | 基督教國際學校 | 沙田區","International Christian Quality Music Sec. and Pri. School(0.286); Christian Pui Yan Primary School(0.250); 基督教香港信義會信愛學校(0.214)"
edb_569747000223,小學,"No CHSC match","DISCOVERY COLLEGE | 智新書院 | 離島區","播道書院(0.200); 培僑書院(0.200); 民生書院小學(0.143)"
edb_581259000123,小學,"No CHSC match","GRACE CHRISTIAN ACADEMY | 培生學校 | 東區","NTWJWA Christian Remembrance of Grace Primary School(0.333); Anchors Academy(0.250); Christian Pui Yan Primary School(0.200)"
edb_592188000123,小學,"No CHSC match","SAN WUI COMMERCIAL SOCIETY YMCA OF HONG KONG CHRISTIAN SCHOOL | 新會商會港青基信學校 | 深水埗區","San Wui Commercial Society School(0.444); 新會商會學校(0.400); HK Sze Yap C&IA San Wui Commercial Society School(0.267)"
edb_513725000123,小學,"No CHSC match","HONG KONG ADVENTIST ACADEMY | 香港復臨學校 | 西貢區","Canossa School (Hong Kong)(0.333); Hong Kong Baptist Convention Primary School(0.333); Chiu Sheung School, Hong Kong(0.286)"
edb_560138000223,小學,"No CHSC match","VICTORIA SHANGHAI ACADEMY | 滬江維多利亞學校 | 南區","Shanghai Alumni Primary School(0.250); Anchors Academy(0.250); ELCHK Lutheran Academy(0.200)"
edb_553190000323,小學,"No CHSC match","THE INDEPENDENT SCHOOLS FOUNDATION ACADEMY | 弘立書院 | 南區","Anchors Academy(0.200); 播道書院(0.200); 培僑書院(0.200)"
edb_216232000123,小學,"No CHSC match","KLT FUNFUL ENGLISH PRIMARY SCHOOL | 九龍塘方方樂趣英文小學 | 九龍城區","Gigamind English Primary School(0.250); Zenith English Primary School(0.250); 激活英文小學(0.250)"
edb_212466000423,小學,"No CHSC match","ST. JOHANNES COLLEGE | 聖若望英文書院 | 九龍城區","聖若望英文書院（小學部）(0.545); St. Johannes College (Primary Section)(0.400); St. Charles School(0.333)"
edb_289515000123,小學,"No CHSC match","CALIFORNIA SCHOOL | CALIFORNIA SCHOOL | 油尖旺區","350。"",各級專項運動收費，如：攀石、游泳課等，每年收費約$100。,24,2,3,1,25間：創科學習室、校園電視台室、沉浸科技教室、音樂室、樂器學習室、視藝室、科學實驗室、芭蕾舞室、言語治療室、遊戲學習室、6個自學角,全校已舖設WIFI網絡，亦備有超過100部IPAD供電子學習之用。<br>而課室內已安裝各項電子教學設備。,斜道、暢通易達升降機、暢通易達洗手間、觸覺引路帶、暢通易達的公共詢問或服務櫃枱及視像火警警報系統。,47,50,100,100,54,20,10,18,72,4,4,4,4,4,4,24,4,4,4,4,4,4,24,以小班教學模式，按學生能力而因材施教。,-,0,2,有,0,3,有,有,有,為學生提供進展性評估課業與分程度的總結性評估課業，並透過趣味功課、假期任務、專題研習、科學實驗等，評估學生的應用共通能力，推行進展性評估。,有,有,綜合學生的學習成績、課堂表現，以及學習態度來進行分班。,5,8,30,7:40,上午,2:35,下午,11:45,12:45,由指定供應商提供及由家長安排。,「以愛牧羊，燃亮主愛」為學校營造關愛校園文化的宗旨，讓學生建立良好健康的生活習慣、正面的人生觀與價值觀，以見證主耶穌的大愛。,「並肩培育豐盛生命、攜手見證基督大愛」乃本校的辦學願景，因此本校一向著重基督教教育理念，致力培育學生正向品格。透過課程發展，將本校的正向教育核心元素包括：仁愛、成就、意義及投入，融入校本學科課程及中華文化教育，製造有意義的學習經歷及成果。,音樂教育卓越，管弦樂隊、弦樂隊、管樂隊、節奏樂隊等屢獲殊榮；積極發展體育，包括游泳課及攀石課程等；STEAM教育活動及多元智能活動豐富，包括宗教活動、資訊科技活動、閱讀、朗誦、制服團隊、戲劇、奧林匹克數學及各類資優小組等。,勉勵學生確立有意義的人生目標，培養他們具備淳樸的品格、良好的音樂情操、獨立的思考及分析能力，使之他日成為社會上有責任感和有使命感的良好公民，成為耶穌合用的器皿。,http://www.ccckeiwan.edu.hk,本校隸屬於中華基督教會香港區會，法團校董會負責監察學校的運作及提供意見。詳情可參閱本校網頁。,本校法團校董會早於2006成立，成員共十五人，包括校監、校長、神職人員、獨立的專業人士、校友、家長及教師代表，以聽取不同持分者的意見和引入不同別人士的專業知識和經驗，促進學校的持續發展。,本校積極推動環保教育，校內設立綠田園和不同的環保系統，透過可再生能源教育及種植活動，提升學生的環保意識。,,本校以愛心和耐心引導學生確立有意義的人生目標，幫助他們培養淳樸的品格、良好的音樂情操、學習豐富的知識以及鍛鍊獨立的思考和分析能力，務求盡展潛能，日後成為有使命感的良好公民，服務人群，回饋社會。,http://www.ccckeiwan.edu.hk,每天均有班主任課及早會前圖書閱讀課。課後進行不同類型的活動。逢週三、五更提早放學，為學生創造更多的學習空間與時間。<br>（請參閱本校網址：http://www.ccckeiwan.edu.hk）,1.　培養師生僕人領袖素質，建構正向文化。<br>2.　了解學生獨特之處，實踐普及資優教育。,透過各科的單元教學及STEAM活動，培育學生共通能力。強調學生自主學習及思維能力訓練，綜合應用的能力，為升中奠定良好基礎。,學校重視培育學生良好習慣，積極學習。以VASE獎勵計劃，生活化的題材，鼓勵學生積極向上，促進學生全人發展。此外，還著重聖經真理及品格培養，又透過電影教育及戲劇教育，培養學生感恩珍惜、積極樂觀的態度。,,透過拔尖補底課程、小海豚關愛計劃、大哥哥大姐姐計劃，以照顧學生學習差異，支援個別學生。為資優學生提供優質而具挑戰性的課程，包括以課堂、講座、工作坊、網上學習、遊學團及比賽等形式，讓潛能得以發揮。,本校致力落實「全校參與」模式，推行校本支援服務，服務包括及早識別及介入計劃、多元支援計劃等，以全面支援有不同學習需要的學生。,,各科的課程內容進行合適的增刪和調適，亦為有需要的同學提供增潤或調適課程，以照顧學生的多樣性。,http://www.ccckeiwan.edu.hk,1.　定期舉辦各級家長講座，支援不同成長階段的需要。<br>2.　家長教師會及家長義工，協助舉行各類大型活動，促進家校合作。,秉承區會辦學目的「透過學校、傳道服務」，藉著宗教及正向教育，培養學生愛人如己、謙虛純樸的品格。又推行校本輔導活動，善用家長與社區資源，擴闊學生生活經驗，培養積極的人生觀。,http://www.ccckeiwan.edu.hk,1.　培養學生僕人領袖素質，建構正向校園文化。<br>2.　讓學生發掘獨特之處，展現個人才能，實踐普及資優教育。,與大學專家合作進行課程研究；與中學及幼稚園進行學科銜接交流；定期舉行品德教育及生命教育培訓等。,每年學校均會舉辦不同的海外及內地交流活動（由2001年開始，本校學生已遍踏超過30個不同的海外地區，包括：英國、波蘭、德國、加拿大、澳洲、夏威夷、奧地利、新加坡、日本、韓國等地作學術或音樂交流）。<br>本校更為六年級同學提供一特色課程，同學們會到沙巴及海外等地，深度了解當地文化，並進行生態學習，拓展視野。,(0.002); S.K.H. St. Matthew's Primary School(0.000); St. Paul's College Primary School(0.000)"
edb_600814000123,小學,"No CHSC match","DISCOVERY MONTESSORI ACADEMY | DISCOVERY MONTESSORI ACADEMY | 離島區","Anchors Academy(0.250); ELCHK Lutheran Academy(0.200); The HKCCC Union Logos Academy(0.167)"
edb_626864000133,中學,"No CHSC match","STAMFORD AMERICAN SCHOOL HONG KONG (WEST KOWLOON) | STAMFORD AMERICAN SCHOOL HONG KONG (WEST KOWLOON) | 油尖旺區","The True Light School of Hong Kong(0.300); Sir Ellis Kadoorie Secondary School (West Kowloon)(0.273); Hong Kong Sea School(0.250)"
edb_623067000133,中學,"No CHSC match","SAINT TOO BLOOM ACADEMY | 聖道百卉書院 | 深水埗區","ECF Saint Too Canaan College(0.333); ELCHK Lutheran Academy(0.167); HKCCCU Logos Academy(0.167)"
edb_215287000933,中學,"No CHSC match","RUDOLF STEINER EDUCATION FOUNDATION HONG KONG MARIA COLLEGE | 香港華德福教育基金會瑪利亞書院 | 油尖旺區","Hong Kong Sea School(0.250); Hong Kong True Light College(0.222); Munsang College (Hong Kong Island)(0.200)"
edb_543560000433,中學,"No CHSC match","PO LEUNG KUK CHOI KAI YAU SCHOOL | 保良局蔡繼有學校 | 深水埗區","Po Leung Kuk Wu Chung College(0.375); Po Leung Kuk Ngan Po Ling College(0.375); Po Leung Kuk Tang Yuk Tien College(0.333)"
edb_607371000233,中學,"No CHSC match","DALTON SCHOOL HONG KONG | 香港道爾頓學校 | 灣仔區","The True Light School of Hong Kong(0.429); Hong Kong Sea School(0.400); Hong Kong True Light College(0.333)"
edb_289094000233,中學,"No CHSC match","BEACON COLLEGE | 遵理學校 | 元朗區","德望學校(0.200); 鄧鏡波學校(0.167); 聖保祿學校(0.167)"
edb_289094000232,中學,"No CHSC match","BEACON COLLEGE | 遵理學校 | 元朗區","德望學校(0.200); 鄧鏡波學校(0.167); 聖保祿學校(0.167)"
edb_289094000231,中學,"No CHSC match","BEACON COLLEGE | 遵理學校 | 元朗區","德望學校(0.200); 鄧鏡波學校(0.167); 聖保祿學校(0.167)"
edb_240656000234,中學,"No CHSC match","LUI CHEUNG KWONG LUTHERAN EVENING COLLEGE | 路德會呂祥光夜中學 | 深水埗區","Lui Cheung Kwong Lutheran College(0.800); 路德會呂祥光中學(0.667); 路德會呂明才中學(0.364)"
edb_609498000133,中學,"No CHSC match","SPANISH SCHOOL OF HONG KONG | 香港西班牙學校 | 大埔區","The True Light School of Hong Kong(0.571); YMCA of Hong Kong Christian College(0.429); Hong Kong Sea School(0.333)"
edb_609781000133,中學,"No CHSC match","HONGKONG LIMAI SCHOOL | 香港力邁學校 | 油尖旺區","香港航海學校(0.250); 香港仔工業學校(0.222); 德望學校(0.143)"
edb_609781000233,中學,"No CHSC match","HONGKONG LIMAI SCHOOL | 香港力邁學校 | 油尖旺區","香港航海學校(0.250); 香港仔工業學校(0.222); 德望學校(0.143)"
edb_627267000133,中學,"No CHSC match","WYCOMBE ABBEY SCHOOL HONG KONG (KOWLOON) | 香港威雅學校(九龍) | 黃大仙區","The True Light School of Hong Kong(0.333); Hong Kong Sea School(0.286); Hong Kong True Light College(0.250)"
edb_609498000233,中學,"No CHSC match","SPANISH SCHOOL OF HONG KONG | 香港西班牙學校 | 大埔區","The True Light School of Hong Kong(0.571); YMCA of Hong Kong Christian College(0.429); Hong Kong Sea School(0.333)"
edb_215287001134,中學,"No CHSC match","RUDOLF STEINER EDUCATION FOUNDATION HONG KONG MARIA COLLEGE | 香港華德福教育基金會瑪利亞書院 | 九龍城區","Hong Kong Sea School(0.250); Hong Kong True Light College(0.222); Munsang College (Hong Kong Island)(0.200)"
edb_215287001234,中學,"No CHSC match","RUDOLF STEINER EDUCATION FOUNDATION HONG KONG MARIA COLLEGE | 香港華德福教育基金會瑪利亞書院 | 九龍城區","Hong Kong Sea School(0.250); Hong Kong True Light College(0.222); Munsang College (Hong Kong Island)(0.200)"
edb_617334000133,中學,"No CHSC match","OXBRIDGE BRITISH SCHOOL | 劍津英國學校 | 九龍城區","德望學校(0.143); 鄧鏡波學校(0.125); 聖保祿學校(0.125)"
edb_315699000333,中學,"No CHSC match","WAHHAR COLLEGE HONG KONG | 華夏書院 | 油尖旺區","Munsang College (Hong Kong Island)(0.500); Wah Yan College Hong Kong(0.500); Hong Kong Sea School(0.400)"
edb_617334000233,中學,"No CHSC match","OXBRIDGE BRITISH SCHOOL | 劍津英國學校 | 九龍城區","德望學校(0.143); 鄧鏡波學校(0.125); 聖保祿學校(0.125)"
edb_625264000133,中學,"No CHSC match","EXCEL LONDON COLLEGE (TSIM SHA TSUI) | 倫敦卓越書院(尖沙咀) | 油尖旺區","華仁書院（九龍）(0.133); 文理書院（九龍）(0.133); 文理書院（香港）(0.133)"
edb_533343000134,中學,"No CHSC match","PO LEUNG KUK & SPROUTS FOUNDATION SECONDARY EDUCATION SERVICES CENTRE | 保良局思培基金中學教育服務中心 | 沙田區","保良局羅氏基金中學(0.294); Po Leung Kuk Tong Nai Kan Junior Secondary College(0.286); Po Leung Kuk Wu Chung College(0.250)"
edb_524867000131,中學,"No CHSC match","BEACON COLLEGE (MONG KOK) | 遵理學校(旺角) | 油尖旺區","Po Kok Secondary School(0.200); Buddhist Kok Kwong Secondary School(0.167); Cognitio College (Kowloon)(0.167)"
edb_524867000132,中學,"No CHSC match","BEACON COLLEGE (MONG KOK) | 遵理學校(旺角) | 油尖旺區","Po Kok Secondary School(0.200); Buddhist Kok Kwong Secondary School(0.167); Cognitio College (Kowloon)(0.167)"
edb_612820000133,中學,"No CHSC match","ANANTARA COLLEGE | 泰來書院 | 九龍城區","播道書院(0.200); 崇真書院(0.200); 皇仁書院(0.200)"
edb_615137000133,中學,"No CHSC match","TAI KWONG HILARY COLLEGE | 大光德萃書院 | 大埔區","Buddhist Tai Kwong Chi Hong College(0.333); Buddhist Tai Hung College(0.200); Buddhist Kok Kwong Secondary School(0.200)"
edb_596140000233,中學,"No CHSC match","FOREST HOUSE WALDORF SCHOOL | 樹宏學校 | 西貢區","德望學校(0.200); 鄧鏡波學校(0.167); 聖保祿學校(0.167)"
edb_621374000133,中學,"No CHSC match","HONG KONG BLUEBELL COLLEGE | 香港紫荊書院 | 觀塘區","Hong Kong Sea School(0.500); Hong Kong True Light College(0.400); Munsang College (Hong Kong Island)(0.333)"
edb_215287001534,中學,"No CHSC match","RUDOLF STEINER EDUCATION FOUNDATION HONG KONG MARIA COLLEGE | 香港華德福教育基金會瑪利亞書院 | 九龍城區","Hong Kong Sea School(0.250); Hong Kong True Light College(0.222); Munsang College (Hong Kong Island)(0.200)"
edb_616354000133,中學,"No CHSC match","INVICTUS SECONDARY SCHOOL | INVICTUS SECONDARY SCHOOL | 東區","Diocesan Boys' School(0.000); Diocesan Girls' School(0.000); Po Leung Kuk Lo Kit Sing (1983) College(0.000)"
edb_607819000133,中學,"No CHSC match","HAN ACADEMY | 漢鼎書院 | 南區","ELCHK Lutheran Academy(0.250); HKCCCU Logos Academy(0.250); Tsung Tsin Christian Academy(0.200)"
edb_611751000133,中學,"No CHSC match","WYCOMBE ABBEY SCHOOL HONG KONG | 香港威雅學校 | 南區","The True Light School of Hong Kong(0.375); Hong Kong Sea School(0.333); Hong Kong True Light College(0.286)"
edb_542644000134,中學,"No CHSC match","HONG KONG TEACHERS' ASSOCIATION EVENING SECONDARY SCHOOL | 香港教師會夜中學 | 大埔區","Hong Kong Teachers' Association Lee Heng Kwei Secondary School(0.500); 香港教師會李興貴中學(0.455); The Hong Kong Taoist Association Ching Chung Secondary School(0.375)"
edb_215287001334,中學,"No CHSC match","RUDOLF STEINER EDUCATION FOUNDATION HONG KONG MARIA COLLEGE | 香港華德福教育基金會瑪利亞書院 | 九龍城區","Hong Kong Sea School(0.250); Hong Kong True Light College(0.222); Munsang College (Hong Kong Island)(0.200)"
edb_215287001034,中學,"No CHSC match","RUDOLF STEINER EDUCATION FOUNDATION HONG KONG MARIA COLLEGE | 香港華德福教育基金會瑪利亞書院 | 九龍城區","Hong Kong Sea School(0.250); Hong Kong True Light College(0.222); Munsang College (Hong Kong Island)(0.200)"
edb_608319000233,中學,"No CHSC match","ISLAND WALDORF SCHOOL | 香島華德福學校 | 中西區","Munsang College (Hong Kong Island)(0.167); 德望學校(0.125); 香島中學(0.125)"
edb_608327000133,中學,"No CHSC match","SHEMA ACADEMY | 示昕學校 | 觀塘區","ELCHK Lutheran Academy(0.250); HKCCCU Logos Academy(0.250); Tsung Tsin Christian Academy(0.200)"
edb_531880000134,中學,"No CHSC match","MA KAM MING CHARITABLE FOUNDATION MA CHAN DUEN HEY MEMORIAL EVENING COLLEGE | 馬錦明慈善基金馬陳端喜紀念夜校 | 西貢區","馬錦明慈善基金馬陳端喜紀念中學(0.750); MKMCF Ma Chan Duen Hey Memorial College(0.455); 馬錦明慈善基金馬可賓紀念中學(0.421)"
edb_581259000133,中學,"No CHSC match","GRACE CHRISTIAN ACADEMY | 培生學校 | 東區","Tsung Tsin Christian Academy(0.400); United Christian College(0.250); Christian Alliance College(0.250)"
edb_567485000133,中學,"No CHSC match","RENAISSANCE COLLEGE | 啓新書院 | 沙田區","播道書院(0.200); 崇真書院(0.200); 皇仁書院(0.200)"
edb_567450000133,中學,"No CHSC match","YEW CHUNG INTERNATIONAL SCHOOL - SECONDARY | 耀中國際學校（中學） | 九龍城區","Ju Ching Chu Secondary School (Kwai Chung)(0.333); 九龍塘學校（中學部）(0.286); Kowloon Tong School (Secondary Section)(0.250)"
edb_226564000234,中學,"No CHSC match","GERTRUDE SIMON LUTHERAN EVENING COLLEGE | 路德會西門英才夜校 | 元朗區","Gertrude Simon Lutheran College(0.750); 路德會西門英才中學(0.600); Fanling Lutheran Secondary School(0.200)"
edb_553867000333,中學,"No CHSC match","INTERNATIONAL CHRISTIAN QUALITY MUSIC SECONDARY AND PRIMARY SCHOOL | 國際基督教優質音樂中學暨小學 | 黃大仙區","基督教聖約教會堅樂中學(0.211); Christian & Missionary Alliance Sun Kei Secondary School(0.200); 基督教崇真中學(0.188)"
edb_553190000333,中學,"No CHSC match","THE INDEPENDENT SCHOOLS FOUNDATION ACADEMY | 弘立書院 | 南區","The Chinese Foundation Secondary School(0.200); 播道書院(0.200); 崇真書院(0.200)"
edb_569836000133,中學,"No CHSC match","INTERNATIONAL CHRISTIAN SCHOOL | 基督教國際學校 | 沙田區","United Christian College(0.333); Christian Alliance College(0.333); CNEC Christian College(0.333)"
edb_513725000133,中學,"No CHSC match","HONG KONG ADVENTIST ACADEMY | 香港復臨學校 | 西貢區","Hong Kong Sea School(0.400); Hong Kong True Light College(0.333); Munsang College (Hong Kong Island)(0.286)"
edb_560138000233,中學,"No CHSC match","VICTORIA SHANGHAI ACADEMY | 滬江維多利亞學校 | 南區","鄧肇堅維多利亞官立中學(0.214); ELCHK Lutheran Academy(0.200); HKCCCU Logos Academy(0.200)"
edb_569747000233,中學,"No CHSC match","DISCOVERY COLLEGE | 智新書院 | 離島區","播道書院(0.200); 崇真書院(0.200); 皇仁書院(0.200)"
edb_526720000134,中學,"No CHSC match","ASSEMBLY OF GOD HEBRON EVENING SCHOOL | 神召會康樂夜中學 | 大埔區","Assembly of God Hebron Secondary School(0.800); 神召會康樂中學(0.625); 加拿大神召會嘉智中學(0.231)"
edb_517569000134,中學,"No CHSC match","SHATIN LUTHERAN EVENING SCHOOL | 路德會沙田夜校 | 沙田區","Fanling Lutheran Secondary School(0.250); ELCHK Lutheran Secondary School(0.250); Concordia Lutheran School(0.250)"
edb_215287001434,中學,"No CHSC match","RUDOLF STEINER EDUCATION FOUNDATION HONG KONG MARIA COLLEGE | 香港華德福教育基金會瑪利亞書院 | 九龍城區","Hong Kong Sea School(0.250); Hong Kong True Light College(0.222); Munsang College (Hong Kong Island)(0.200)"
edb_289515000133,中學,"No CHSC match","CALIFORNIA SCHOOL | CALIFORNIA SCHOOL | 油尖旺區","Diocesan Boys' School(0.000); Diocesan Girls' School(0.000); Po Leung Kuk Lo Kit Sing (1983) College(0.000)"
edb_605638000133,中學,"No CHSC match","STAMFORD AMERICAN SCHOOL HONG KONG | STAMFORD AMERICAN SCHOOL HONG KONG | 九龍城區","The True Light School of Hong Kong(0.375); Hong Kong Sea School(0.333); Hong Kong True Light College(0.286)"