school_id,gender,source,confidence,chsc_name
edb_513709000123,MIXED,CHSC_PSP,HIGH,"慈幼學校"
edb_114855000323,MIXED,CHSC_PSP,HIGH,"大埔浸信會公立學校"
edb_114855000223,MIXED,CHSC_PSP,HIGH,"大埔浸信會公立學校"
edb_115584000223,MIXED,CHSC_PSP,HIGH,"培基小學"
edb_610224000123,MIXED,CHSC_PSP,HIGH,"新界婦孺福利會基督教銘恩小學"
edb_512036000123,MIXED,CHSC_PSP,HIGH,"東華三院鶴山學校"
edb_115762000123,MIXED,CHSC_PSP,HIGH,"仁濟醫院蔡衍濤小學"
edb_114928000123,MIXED,CHSC_PSP,HIGH,"仁愛堂劉皇發夫人小學"
edb_114723000123,MIXED,CHSC_PSP,HIGH,"循理會美林小學"
edb_512060000223,GIRLS,CHSC_PSP,HIGH,"嘉諾撒聖家學校"
edb_514519000223,MIXED,CHSC_PSP,HIGH,"香港道教聯合會雲泉學校"
edb_511161000123,MIXED,CHSC_PSP,HIGH,"浸信會孔憲紹天虹小學"
edb_511129000123,MIXED,CHSC_PSP,HIGH,"大坑東宣道小學"
edb_115320000123,MIXED,CHSC_PSP,HIGH,"香港中文大學校友會聯會張煊昌學校"
edb_114499000123,MIXED,CHSC_PSP,HIGH,"東華三院高可寧紀念小學"
edb_518425000123,MIXED,CHSC_PSP,HIGH,"聖公會李兆強小學"
edb_113247000123,MIXED,CHSC_PSP,HIGH,"亞斯理衞理小學"
edb_513474000123,MIXED,CHSC_PSP,HIGH,"聖公會基樂小學"
edb_512176000123,MIXED,CHSC_PSP,HIGH,"合一堂學校"
edb_560642000123,MIXED,CHSC_PSP,HIGH,"中華基督教會基華小學（九龍塘）"
edb_543233000223,MIXED,CHSC_PSP,HIGH,"基督教培恩小學"
edb_113417000223,MIXED,CHSC_PSP,HIGH,"中華基督教會全完第一小學"
edb_115568000123,MIXED,CHSC_PSP,HIGH,"中華基督教會蒙黃花沃紀念小學"
edb_114634000223,MIXED,CHSC_PSP,HIGH,"保良局蕭漢森小學"
edb_115509000123,MIXED,CHSC_PSP,HIGH,"沙田循道衛理小學"
edb_536547000223,MIXED,CHSC_SSP,HIGH,"東涌天主教學校"
edb_113000000123,MIXED,CHSC_PSP,HIGH,"東莞學校"
edb_512176000223,MIXED,CHSC_PSP,HIGH,"合一堂學校"
edb_623709000123,MIXED,CHSC_PSP,HIGH,"五旬節聖潔會永光小學"
edb_513687000122,GIRLS,CHSC_PSP,HIGH,"嘉諾撒聖心學校"
edb_513130000223,MIXED,CHSC_PSP,HIGH,"長沙灣天主教小學"
edb_114871000123,MIXED,CHSC_PSP,HIGH,"救世軍田家炳學校"
edb_150436000123,MIXED,CHSC_PSP,HIGH,"天主教明德學校"
edb_513385000123,MIXED,CHSC_PSP,HIGH,"嘉諾撒培德學校"
edb_579220000123,MIXED,CHSC_PSP,HIGH,"沙田圍胡素貞博士紀念學校"
edb_170194000223,GIRLS,CHSC_PSP,HIGH,"聖士提反女子中學附屬小學"
edb_511439000123,MIXED,CHSC_PSP,HIGH,"中華基督教會長洲堂錦江小學"
edb_543179000123,MIXED,CHSC_PSP,HIGH,"聖公會青衣主恩小學"
edb_113190000123,MIXED,CHSC_PSP,HIGH,"聖公會主恩小學"
edb_115355000123,MIXED,CHSC_PSP,HIGH,"中華傳道會呂明才小學"
edb_511366000123,MIXED,CHSC_PSP,HIGH,"迦密梁省德學校"
edb_114758000123,MIXED,CHSC_PSP,HIGH,"路德會呂祥光小學"
edb_115126000123,MIXED,CHSC_PSP,HIGH,"大埔崇德黃建常紀念學校"
edb_535630000123,MIXED,CHSC_PSP,HIGH,"香港青年協會李兆基小學"
edb_535800000123,MIXED,CHSC_PSP,HIGH,"樂華天主教小學"
edb_543195000123,MIXED,CHSC_PSP,HIGH,"聖公會仁立紀念小學"
edb_115037000123,MIXED,CHSC_PSP,HIGH,"道教青松小學"
edb_522023000123,MIXED,CHSC_PSP,HIGH,"青松侯寶垣小學"
edb_518506000123,MIXED,CHSC_PSP,HIGH,"保良局馮晴紀念小學"
edb_516880000123,MIXED,CHSC_PSP,HIGH,"香海正覺蓮社佛教黃藻森學校"
edb_115576000123,MIXED,CHSC_PSP,HIGH,"柏立基教育學院校友會何壽基學校"
edb_511749000123,MIXED,CHSC_PSP,HIGH,"粉嶺公立學校"
edb_115215000123,MIXED,CHSC_PSP,HIGH,"迦密愛禮信小學"
edb_115649000123,MIXED,CHSC_PSP,HIGH,"吳氏宗親總會泰伯紀念學校"
edb_114529000123,MIXED,CHSC_PSP,HIGH,"台山商會學校"
edb_529540000123,MIXED,CHSC_PSP,HIGH,"五旬節于良發小學"
edb_115142000123,MIXED,CHSC_PSP,HIGH,"三水同鄉會禤景榮學校"
edb_114391000123,MIXED,CHSC_PSP,HIGH,"沙田崇真學校"
edb_516996000123,MIXED,CHSC_PSP,HIGH,"仁濟醫院陳耀星小學"
edb_115487000123,MIXED,CHSC_PSP,HIGH,"仁濟醫院趙曾學韞小學"
edb_114502000123,MIXED,CHSC_PSP,HIGH,"柏立基教育學院校友會盧光輝紀念學校"
edb_114820000123,MIXED,CHSC_PSP,HIGH,"保良局王賜豪（田心谷）小學"
edb_513180000123,MIXED,CHSC_PSP,HIGH,"寶覺小學"
edb_112666000123,MIXED,CHSC_PSP,HIGH,"通德學校"
edb_542580000123,MIXED,CHSC_PSP,HIGH,"香港教育大學賽馬會小學"
edb_512389000123,MIXED,CHSC_PSP,HIGH,"中華基督教會基華小學"
edb_575720000123,MIXED,CHSC_PSP,HIGH,"石籬聖若望天主教小學"
edb_584118000123,MIXED,CHSC_PSP,HIGH,"保良局西區婦女福利會馮李佩瑤小學"
edb_578320000223,MIXED,CHSC_PSP,HIGH,"東華三院馬錦燦紀念小學"
edb_579513000123,MIXED,CHSC_PSP,HIGH,"中華基督教會協和小學（長沙灣）"
edb_584126000123,MIXED,CHSC_PSP,HIGH,"順德聯誼總會李金小學"
edb_579548000123,MIXED,CHSC_PSP,HIGH,"九龍塘天主教華德學校"
edb_575844000123,MIXED,CHSC_PSP,HIGH,"聖公會阮鄭夢芹銀禧小學"
edb_575500000123,MIXED,CHSC_PSP,HIGH,"道教青松小學（湖景邨）"
edb_575607000123,MIXED,CHSC_PSP,HIGH,"深井天主教小學"
edb_579556000123,MIXED,CHSC_PSP,HIGH,"丹拿山循道學校"
edb_572357000123,MIXED,CHSC_PSP,HIGH,"佛教陳榮根紀念學校"
edb_575534000123,MIXED,CHSC_PSP,HIGH,"瑪利諾神父教會學校（小學部）"
edb_575615000123,MIXED,CHSC_PSP,HIGH,"佐敦谷聖若瑟天主教小學"
edb_510769000123,MIXED,CHSC_PSP,HIGH,"中華基督教會全完第二小學"
edb_514632000123,MIXED,CHSC_PSP,HIGH,"荃灣公立何傳耀紀念小學"
edb_510017000123,MIXED,CHSC_PSP,HIGH,"華德學校"
edb_512362000123,MIXED,CHSC_PSP,HIGH,"中華基督教會基全小學"
edb_510904000223,MIXED,CHSC_PSP,HIGH,"循道學校"
edb_511846000123,MIXED,CHSC_PSP,HIGH,"鮮魚行學校"
edb_512524000123,MIXED,CHSC_PSP,HIGH,"九龍婦女福利會李炳紀念學校"
edb_511404000123,MIXED,CHSC_PSP,HIGH,"基督教香港信義會信愛學校"
edb_513318000123,MIXED,CHSC_PSP,HIGH,"寶血小學"
edb_513326000123,MIXED,CHSC_PSP,HIGH,"華富邨寶血小學"
edb_114405000123,MIXED,CHSC_PSP,HIGH,"鳳溪第一小學"
edb_134872000123,MIXED,CHSC_PSP,HIGH,"九龍靈光小學"
edb_511609000223,MIXED,CHSC_PSP,HIGH,"中華基督教會元朗真光小學"
edb_114901000123,MIXED,CHSC_PSP,HIGH,"循理會白普理基金循理小學"
edb_115053000123,MIXED,CHSC_PSP,HIGH,"博愛醫院歷屆總理聯誼會鄭任安夫人學校"
edb_150550000123,MIXED,CHSC_PSP,HIGH,"長洲聖心學校"
edb_510343000123,MIXED,CHSC_PSP,HIGH,"東華三院羅裕積小學"
edb_115746000123,MIXED,CHSC_PSP,HIGH,"東華三院姚達之紀念小學（元朗）"
edb_113174000123,MIXED,CHSC_PSP,HIGH,"天佑小學"
edb_510947000123,MIXED,CHSC_PSP,HIGH,"聖公會基榮小學"
edb_115061000123,MIXED,CHSC_PSP,HIGH,"聖公會蒙恩小學"
edb_115525000123,MIXED,CHSC_PSP,HIGH,"聖公會榮真小學"
edb_114847000123,MIXED,CHSC_PSP,HIGH,"港澳信義會黃陳淑英紀念學校"
edb_529257000123,MIXED,CHSC_PSP,HIGH,"將軍澳天主教小學"
edb_317098000123,MIXED,CHSC_PSP,HIGH,"中華基督教會協和小學"
edb_114030000123,MIXED,CHSC_PSP,HIGH,"佛教林炳炎紀念學校（香港佛教聯合會主辦）"
edb_115681000123,MIXED,CHSC_PSP,HIGH,"李志達紀念學校"
edb_114413000123,MIXED,CHSC_PSP,HIGH,"梨木樹天主教小學"
edb_513164000123,MIXED,CHSC_PSP,HIGH,"坪石天主教小學"
edb_535621000223,MIXED,CHSC_PSP,HIGH,"金巴崙長老會耀道小學"
edb_115428000123,MIXED,CHSC_PSP,HIGH,"保良局莊啟程小學"
edb_512249000123,MIXED,CHSC_PSP,HIGH,"錦田公立蒙養學校"
edb_535770000123,MIXED,CHSC_PSP,HIGH,"宣道會葉紹蔭紀念小學"
edb_113328000123,MIXED,CHSC_PSP,HIGH,"大埔舊墟公立學校"
edb_115495000123,MIXED,CHSC_PSP,HIGH,"元朗公立中學校友會小學"
edb_113107000123,MIXED,CHSC_PSP,HIGH,"荃灣潮州公學"
edb_114545000123,MIXED,CHSC_PSP,HIGH,"郭怡雅神父紀念學校"
edb_114936000123,MIXED,CHSC_PSP,HIGH,"青衣商會小學"
edb_115290000123,MIXED,CHSC_PSP,HIGH,"港九街坊婦女會孫方中小學"
edb_513458000123,MIXED,CHSC_PSP,HIGH,"聖公會奉基小學"
edb_115045000123,MIXED,CHSC_PSP,HIGH,"香港道教聯合會雲泉吳禮和紀念學校"
edb_516899000123,MIXED,CHSC_PSP,HIGH,"香港道教聯合會純陽小學"
edb_115401000123,MIXED,CHSC_PSP,HIGH,"林村公立黃福鑾紀念學校"
edb_540188000123,MIXED,CHSC_PSP,HIGH,"十八鄉鄉事委員會公益社小學"
edb_540170000123,MIXED,CHSC_PSP,HIGH,"順德聯誼總會伍冕端小學"
edb_529591000123,MIXED,CHSC_PSP,HIGH,"東華三院李東海小學"
edb_510955000123,MIXED,CHSC_PSP,HIGH,"聖公會靈愛小學"
edb_518484000123,MIXED,CHSC_PSP,HIGH,"伊斯蘭鮑伯濤紀念小學"
edb_511382000123,MIXED,CHSC_PSP,HIGH,"天主教總堂區學校"
edb_543225000123,MIXED,CHSC_PSP,HIGH,"大埔舊墟公立學校（寶湖道）"
edb_513148000123,MIXED,CHSC_PSP,HIGH,"八鄉中心小學"
edb_531510000123,MIXED,CHSC_PSP,HIGH,"聖公會主愛小學（梨木樹）"
edb_511412000123,MIXED,CHSC_PSP,HIGH,"柴灣角天主教小學"
edb_513628000123,MIXED,CHSC_PSP,HIGH,"聖公會聖彼得小學"
edb_535745000123,MIXED,CHSC_PSP,HIGH,"香港普通話研習社科技創意小學"
edb_115800000123,MIXED,CHSC_PSP,HIGH,"樂善堂梁銶琚學校"
edb_115770000123,MIXED,CHSC_PSP,HIGH,"聖公會何澤芸小學"
edb_511625000223,MIXED,CHSC_PSP,HIGH,"鐘聲學校"
edb_114855000123,MIXED,CHSC_PSP,HIGH,"大埔浸信會公立學校"
edb_114685000123,MIXED,CHSC_PSP,HIGH,"光明學校"
edb_513636000223,MIXED,CHSC_PSP,HIGH,"聖公會聖多馬小學"
edb_115274000123,MIXED,CHSC_PSP,HIGH,"元朗朗屏邨惠州學校"
edb_513962000223,MIXED,CHSC_PSP,HIGH,"聖安當小學"
edb_543241000123,MIXED,CHSC_PSP,HIGH,"保良局錦泰小學"
edb_513431000123,MIXED,CHSC_PSP,HIGH,"聖公會置富始南小學"
edb_543284000123,MIXED,CHSC_PSP,HIGH,"保良局田家炳千禧小學"
edb_550370000123,MIXED,CHSC_PSP,HIGH,"元朗公立中學校友會鄧英業小學"
edb_535702000123,MIXED,CHSC_PSP,HIGH,"保良局雨川小學"
edb_519596000123,MIXED,CHSC_PSP,HIGH,"聖愛德華天主教小學"
edb_115592000123,MIXED,CHSC_PSP,HIGH,"鳳溪廖潤琛紀念學校"
edb_114995000123,MIXED,CHSC_PSP,HIGH,"聖公會阮鄭夢芹小學"
edb_535605000123,MIXED,CHSC_PSP,HIGH,"馬鞍山循道衛理小學"
edb_513598000223,MIXED,CHSC_PSP,HIGH,"聖公會聖約翰曾肇添小學"
edb_510564000123,MIXED,CHSC_PSP,HIGH,"天主教佑華小學"
edb_136204000223,MIXED,CHSC_PSP,HIGH,"北角衞理小學"
edb_114090000323,MIXED,CHSC_PSP,HIGH,"保良局何壽南小學"
edb_115410000123,MIXED,CHSC_PSP,HIGH,"九龍城浸信會禧年小學"
edb_112836000123,MIXED,CHSC_PSP,HIGH,"福德學社小學"
edb_518441000123,MIXED,CHSC_PSP,HIGH,"香港道教聯合會圓玄學院陳呂重德紀念學校"
edb_522066000123,MIXED,CHSC_PSP,HIGH,"寶安商會温浩根小學"
edb_518492000123,MIXED,CHSC_PSP,HIGH,"嗇色園主辦可立小學"
edb_115150000123,MIXED,CHSC_PSP,HIGH,"荃灣商會學校"
edb_543187000123,MIXED,CHSC_PSP,HIGH,"天主教柏德學校"
edb_530000000123,MIXED,CHSC_PSP,HIGH,"聖公會田灣始南小學"
edb_530026000123,MIXED,CHSC_PSP,HIGH,"靈糧堂秀德小學"
edb_540196000223,GIRLS,CHSC_PSP,HIGH,"嘉諾撒聖家學校（九龍塘）"
edb_535672000223,MIXED,CHSC_PSP,HIGH,"香港教育工作者聯會黃楚標學校"
edb_540226000123,MIXED,CHSC_PSP,HIGH,"基督教宣道會徐澤林紀念小學"
edb_513822000123,MIXED,CHSC_PSP,HIGH,"滬江小學"
edb_513857000123,MIXED,CHSC_PSP,HIGH,"筲箕灣崇真學校"
edb_514497000123,MIXED,CHSC_PSP,HIGH,"香港中國婦女會丘佐榮學校"
edb_514004000123,MIXED,CHSC_PSP,HIGH,"聖文德天主教小學"
edb_514233000123,MIXED,CHSC_PSP,HIGH,"聖伯多祿天主教小學"
edb_513750000123,MIXED,CHSC_PSP,HIGH,"新會商會學校"
edb_515051000123,MIXED,CHSC_PSP,HIGH,"元朗商會小學"
edb_514683000123,MIXED,CHSC_PSP,HIGH,"惇裕學校"
edb_513059000123,MIXED,CHSC_PSP,HIGH,"天主教伍華小學"
edb_515086000123,MIXED,CHSC_PSP,HIGH,"育賢學校"
edb_512559000123,MIXED,CHSC_PSP,HIGH,"國民學校"
edb_512729000123,MIXED,CHSC_PSP,HIGH,"樂善堂楊仲明學校"
edb_513105000123,MIXED,CHSC_PSP,HIGH,"南丫北段公立小學"
edb_512257000123,MIXED,CHSC_PSP,HIGH,"金錢村何東學校"
edb_511293000123,MIXED,CHSC_PSP,HIGH,"佛教黃焯菴小學"
edb_513334000123,MIXED,CHSC_PSP,HIGH,"天主教博智小學"
edb_513512000123,MIXED,CHSC_PSP,HIGH,"聖公會基德小學"
edb_513601000123,MIXED,CHSC_PSP,HIGH,"聖公會聖馬太小學"
edb_511250000123,MIXED,CHSC_PSP,HIGH,"佛教中華康山學校"
edb_511323000123,MIXED,CHSC_PSP,HIGH,"中華基督教會拔臣小學"
edb_115584000123,MIXED,CHSC_PSP,HIGH,"培基小學"
edb_170062000223,GIRLS,CHSC_PSP,HIGH,"嘉諾撒聖方濟各學校"
edb_170151000123,BOYS,CHSC_PSP,HIGH,"聖若瑟小學"
edb_115789000123,MIXED,CHSC_PSP,HIGH,"慈幼葉漢小學"
edb_510149000123,MIXED,CHSC_PSP,HIGH,"梅窩學校"
edb_511730000223,MIXED,CHSC_PSP,HIGH,"基督教香港信義會深信學校"
edb_115517000123,MIXED,CHSC_PSP,HIGH,"僑港伍氏宗親會伍時暢紀念學校"
edb_114596000123,MIXED,CHSC_PSP,HIGH,"基督教香港信義會禾輋信義學校"
edb_511862000123,MIXED,CHSC_PSP,HIGH,"聖公會牧愛小學"
edb_516864000123,MIXED,CHSC_PSP,HIGH,"西貢中心李少欽紀念學校"
edb_511340000123,MIXED,CHSC_PSP,HIGH,"嘉諾撒小學"
edb_511730000123,MIXED,CHSC_PSP,HIGH,"基督教香港信義會深信學校"
edb_522163000123,MIXED,CHSC_PSP,HIGH,"基督教神召會梁省德小學"
edb_115258000123,MIXED,CHSC_PSP,HIGH,"仁濟醫院羅陳楚思小學"
edb_535737000123,MIXED,CHSC_PSP,HIGH,"聖公會青衣邨何澤芸小學"
edb_115371000123,MIXED,CHSC_PSP,HIGH,"世界龍岡學校黃耀南小學"
edb_522015000123,MIXED,CHSC_PSP,HIGH,"香港浸信會聯會小學"
edb_114170000123,MIXED,CHSC_PSP,HIGH,"中華傳道會許大同學校"
edb_114642000123,MIXED,CHSC_PSP,HIGH,"伊斯蘭學校"
edb_513580000123,MIXED,CHSC_PSP,HIGH,"聖公會聖雅各小學"
edb_114006000223,MIXED,CHSC_PSP,HIGH,"石籬天主教小學"
edb_512214000223,MIXED,CHSC_PSP,HIGH,"寶血會嘉靈學校"
edb_115614000123,MIXED,CHSC_PSP,HIGH,"路德會梁鉅鏐小學"
edb_550400000123,MIXED,CHSC_PSP,HIGH,"聖公會德田李兆強小學"
edb_115169000123,MIXED,CHSC_PSP,HIGH,"五旬節靳茂生小學"
edb_543306000123,MIXED,CHSC_PSP,HIGH,"中華基督教會基灣小學（愛蝶灣）"
edb_543322000223,MIXED,CHSC_PSP,HIGH,"樂善堂梁銶琚學校（分校）"
edb_543217000123,MIXED,CHSC_PSP,HIGH,"保良局世德小學"
edb_543250000123,MIXED,CHSC_PSP,HIGH,"聖博德天主教小學（蒲崗村道）"
edb_535753000223,MIXED,CHSC_PSP,HIGH,"救世軍林拔中紀念學校"
edb_540242000123,MIXED,CHSC_PSP,HIGH,"路德會聖馬太學校（秀茂坪）"
edb_549371000223,MIXED,CHSC_PSP,HIGH,"聖公會天水圍靈愛小學"
edb_539953000123,MIXED,CHSC_PSP,HIGH,"基督教粉嶺神召會小學"
edb_533882000123,MIXED,CHSC_PSP,HIGH,"浸信會沙田圍呂明才小學"
edb_535729000123,MIXED,CHSC_PSP,HIGH,"聖公會馬鞍山主風小學"
edb_514551000123,MIXED,CHSC_PSP,HIGH,"救世軍韋理夫人紀念學校"
edb_522031000123,MIXED,CHSC_PSP,HIGH,"佛教林金殿紀念小學"
edb_518476000123,MIXED,CHSC_PSP,HIGH,"順德聯誼總會梁潔華小學"
edb_522074000223,MIXED,CHSC_SSP,HIGH,"嗇色園主辦可譽中學暨可譽小學"
edb_515248000123,MIXED,CHSC_PSP,HIGH,"勵志會梁李秀娛紀念小學"
edb_535591000123,MIXED,CHSC_PSP,HIGH,"海怡寶血小學"
edb_534242000123,MIXED,CHSC_PSP,HIGH,"中西區聖安多尼學校"
edb_535648000123,MIXED,CHSC_PSP,HIGH,"基督教聖約教會堅樂小學"
edb_514055000323,MIXED,CHSC_PSP,HIGH,"聖方濟愛德小學"
edb_514500000123,MIXED,CHSC_PSP,HIGH,"香港四邑商工總會新會商會學校"
edb_512303000123,MIXED,CHSC_PSP,HIGH,"中華基督教會基法小學"
edb_514250000123,GIRLS,CHSC_PSP,HIGH,"聖羅撒學校"
edb_516872000123,MIXED,CHSC_PSP,HIGH,"天水圍天主教小學"
edb_514160000123,MIXED,CHSC_PSP,HIGH,"聖博德學校"
edb_513490000123,MIXED,CHSC_PSP,HIGH,"聖公會基愛小學"
edb_513687000123,GIRLS,CHSC_PSP,HIGH,"嘉諾撒聖心學校"
edb_512370000123,MIXED,CHSC_PSP,HIGH,"中華基督教會基慈小學"
edb_513954000123,MIXED,CHSC_PSP,HIGH,"聖安多尼學校"
edb_513539000223,MIXED,CHSC_PSP,HIGH,"聖公會基恩小學"
edb_566462000123,MIXED,CHSC_PSP,HIGH,"鳳溪創新小學"
edb_512850000123,GIRLS,CHSC_PSP,HIGH,"瑪利曼小學"
edb_514080000123,MIXED,CHSC_PSP,HIGH,"聖若翰天主教小學"
edb_569631000123,MIXED,CHSC_PSP,HIGH,"獻主會聖馬善樂小學"
edb_572365000123,MIXED,CHSC_PSP,HIGH,"救世軍中原慈善基金學校"
edb_571962000123,MIXED,CHSC_PSP,HIGH,"香港九龍塘基督教中華宣道會台山陳元喜小學"
edb_560448000123,MIXED,CHSC_PSP,HIGH,"中華基督教會基法小學（油塘）"
edb_575526000123,MIXED,CHSC_PSP,HIGH,"寶血會思源學校"
edb_560430000123,MIXED,CHSC_PSP,HIGH,"聖公會油塘基顯小學"
edb_558672000123,MIXED,CHSC_PSP,HIGH,"聖公會將軍澳基德小學"
edb_556483000123,MIXED,CHSC_PSP,HIGH,"將軍澳循道衛理小學"
edb_554596000123,MIXED,CHSC_PSP,HIGH,"曾梅千禧學校"
edb_560685000123,MIXED,CHSC_PSP,HIGH,"東華三院周演森小學"
edb_554685000123,MIXED,CHSC_PSP,HIGH,"光明英來學校"
edb_560529000123,MIXED,CHSC_PSP,HIGH,"香港仔聖伯多祿天主教小學"
edb_514411000123,MIXED,CHSC_PSP,HIGH,"中華基督教會大澳小學"
edb_512125000123,MIXED,CHSC_PSP,HIGH,"真鐸學校"
edb_512290000223,MIXED,CHSC_PSP,HIGH,"中華基督教會基真小學"
edb_510734000123,MIXED,CHSC_PSP,HIGH,"浸信會呂明才小學"
edb_510858000123,MIXED,CHSC_PSP,HIGH,"中華基督教會基灣小學"
edb_150720000123,MIXED,CHSC_PSP,HIGH,"慈航學校"
edb_115819000123,MIXED,CHSC_PSP,HIGH,"聖公會偉倫小學"
edb_511315000123,MIXED,CHSC_PSP,HIGH,"杯澳公立學校"
edb_115720000123,MIXED,CHSC_PSP,HIGH,"伊利沙伯中學舊生會小學"
edb_510190000123,MIXED,CHSC_PSP,HIGH,"保良局金銀業貿易場張凝文學校"
edb_511552000123,MIXED,CHSC_PSP,HIGH,"香港潮商學校"
edb_510335000123,MIXED,CHSC_PSP,HIGH,"東華三院李賜豪小學"
edb_510963000123,MIXED,CHSC_PSP,HIGH,"聖公會聖紀文小學"
edb_115665000123,MIXED,CHSC_PSP,HIGH,"保良局田家炳小學"
edb_511560000123,MIXED,CHSC_PSP,HIGH,"祖堯天主教小學"
edb_115070000123,MIXED,CHSC_PSP,HIGH,"東莞工商總會張煌偉小學"
edb_114987000123,MIXED,CHSC_PSP,HIGH,"九龍城浸信會禧年（恩平）小學"
edb_115010000123,MIXED,CHSC_PSP,HIGH,"保良局陳溢小學"
edb_115118000123,MIXED,CHSC_PSP,HIGH,"保良局朱正賢小學"
edb_554650000123,MIXED,CHSC_PSP,HIGH,"聖公會聖安德烈小學"
edb_115347000123,MIXED,CHSC_PSP,HIGH,"博愛醫院歷屆總理聯誼會梁省德學校"
edb_550450000123,MIXED,CHSC_PSP,HIGH,"香海正覺蓮社佛教正慧小學"
edb_115185000123,MIXED,CHSC_PSP,HIGH,"基督教香港信義會馬鞍山信義學校"
edb_554634000123,MIXED,CHSC_PSP,HIGH,"潮陽百欣小學"
edb_554618000123,MIXED,CHSC_PSP,HIGH,"聖公會柴灣聖米迦勒小學"
edb_554626000123,MIXED,CHSC_PSP,HIGH,"聖公會基福小學"
edb_554669000123,MIXED,CHSC_PSP,HIGH,"慈幼葉漢千禧小學"
edb_550469000123,MIXED,CHSC_PSP,HIGH,"中華基督教會基慧小學（馬灣）"
edb_554600000123,MIXED,CHSC_PSP,HIGH,"天主教聖安德肋小學"
edb_550426000123,MIXED,CHSC_PSP,HIGH,"博愛醫院歷屆總理聯誼會鄭任安夫人千禧小學"
edb_510939000223,MIXED,CHSC_PSP,HIGH,"聖公會聖十架小學"
edb_511692000223,MIXED,CHSC_PSP,HIGH,"浸信宣道會呂明才小學"
edb_512010000123,MIXED,CHSC_PSP,HIGH,"旅港開平商會學校"
edb_514926000123,MIXED,CHSC_PSP,HIGH,"黃大仙天主教小學"
edb_550418000223,MIXED,CHSC_PSP,HIGH,"嘉諾撒小學（新蒲崗）"
edb_511579000123,MIXED,CHSC_PSP,HIGH,"彩雲聖若瑟小學"
edb_112836000223,MIXED,CHSC_PSP,HIGH,"福德學社小學"
edb_513814000123,MIXED,CHSC_PSP,HIGH,"深水埔街坊福利會小學"
edb_521990000123,MIXED,CHSC_PSP,HIGH,"葛量洪校友會黃埔學校"
edb_115193000123,MIXED,CHSC_PSP,HIGH,"東華三院冼次雲小學"
edb_114146000123,MIXED,CHSC_PSP,HIGH,"青山天主教小學"
edb_115240000123,MIXED,CHSC_PSP,HIGH,"馬鞍山聖若瑟小學"
edb_115134000123,MIXED,CHSC_PSP,HIGH,"胡素貞博士紀念學校"
edb_114863000123,MIXED,CHSC_PSP,HIGH,"寶血會伍季明紀念學校"
edb_115177000123,MIXED,CHSC_PSP,HIGH,"世界龍岡學校劉德容紀念小學"
edb_114960000123,MIXED,CHSC_PSP,HIGH,"香港路德會增城兆霖學校"
edb_114944000123,MIXED,CHSC_PSP,HIGH,"五邑鄒振猷學校"
edb_114790000123,MIXED,CHSC_PSP,HIGH,"中華基督教會基慧小學"
edb_113409000223,MIXED,CHSC_PSP,HIGH,"上水宣道小學"
edb_114561000123,MIXED,CHSC_PSP,HIGH,"天主教聖華學校"
edb_114979000223,MIXED,CHSC_PSP,HIGH,"上水惠州公立學校"
edb_114804000123,MIXED,CHSC_PSP,HIGH,"香海正覺蓮社佛教陳式宏學校"
edb_113972000123,MIXED,CHSC_PSP,HIGH,"聖公會仁立小學"
edb_114430000123,MIXED,CHSC_PSP,HIGH,"嗇色園主辦可信學校"
edb_114774000123,MIXED,CHSC_PSP,HIGH,"香港道教聯合會圓玄學院石圍角小學"
edb_550396000123,MIXED,CHSC_PSP,HIGH,"聖公會九龍灣基樂小學"
edb_114715000123,MIXED,CHSC_PSP,HIGH,"東華三院鄧肇堅小學"
edb_510181000223,MIXED,CHSC_PSP,HIGH,"保良局陳南昌夫人小學"
edb_114910000123,MIXED,CHSC_PSP,HIGH,"保良局梁周順琴小學"
edb_529532000123,MIXED,CHSC_PSP,HIGH,"伊利沙伯中學舊生會小學分校"
edb_115622000123,MIXED,CHSC_PSP,HIGH,"方樹福堂基金方樹泉小學"
edb_535796000123,MIXED,CHSC_PSP,HIGH,"油蔴地天主教小學（海泓道）"
edb_510920000223,BOYS,CHSC_PSP,HIGH,"番禺會所華仁小學"
edb_112992000123,MIXED,CHSC_PSP,HIGH,"寶血會培靈學校"
edb_113980000223,MIXED,CHSC_PSP,HIGH,"聖公會主愛小學"
edb_114200000223,MIXED,CHSC_PSP,HIGH,"中華基督教會何福堂小學"
edb_528986000123,MIXED,CHSC_PSP,HIGH,"西貢崇真天主教學校（小學部）"
edb_535664000123,MIXED,CHSC_PSP,HIGH,"秀明小學"
edb_511242000223,MIXED,CHSC_PSP,HIGH,"佛教慈敬學校"
edb_511196000123,MIXED,CHSC_PSP,HIGH,"福德學校"
edb_514446000223,MIXED,CHSC_PSP,HIGH,"太古小學"
edb_512192000123,MIXED,CHSC_PSP,HIGH,"基督教香港信義會紅磡信義學校"
edb_132853000123,MIXED,CHSC_PSP,HIGH,"聖嘉祿學校"
edb_511676000123,MIXED,CHSC_PSP,HIGH,"孔教學院大成小學"
edb_115398000123,MIXED,CHSC_PSP,HIGH,"東華三院港九電器商聯會小學"
edb_513253000123,MIXED,CHSC_PSP,HIGH,"獻主會溥仁小學"
edb_115703000123,MIXED,CHSC_PSP,HIGH,"大埔循道衛理小學"
edb_511137000123,MIXED,CHSC_PSP,HIGH,"鴨脷洲街坊學校"
edb_115533000123,MIXED,CHSC_PSP,HIGH,"佛教榮茵學校"
edb_150819000123,MIXED,CHSC_PSP,HIGH,"靈光小學"
edb_512044000123,GIRLS,CHSC_PSP,HIGH,"天神嘉諾撒學校"
edb_113778000123,MIXED,CHSC_PSP,HIGH,"路德會聖十架學校"
edb_113433000123,MIXED,CHSC_PSP,HIGH,"聖家學校"
edb_522040000123,MIXED,CHSC_PSP,HIGH,"博愛醫院陳國威小學"
edb_535788000123,MIXED,CHSC_PSP,HIGH,"慈雲山聖文德天主教小學"
edb_512060000123,GIRLS,CHSC_PSP,HIGH,"嘉諾撒聖家學校"
edb_522171000123,MIXED,CHSC_PSP,HIGH,"基督教宣道會宣基小學"
edb_113751000123,MIXED,CHSC_PSP,HIGH,"荃灣天主教小學"
edb_524581000123,MIXED,CHSC_PSP,HIGH,"佛教志蓮小學"
edb_536377000123,MIXED,CHSC_PSP,HIGH,"英皇書院同學會小學第二校"
edb_514365000123,MIXED,CHSC_PSP,HIGH,"打鼓嶺嶺英公立學校"
edb_115657000123,MIXED,CHSC_PSP,HIGH,"天主教聖母聖心小學"
edb_514454000123,BOYS,CHSC_PSP,HIGH,"德信學校"
edb_514390000123,MIXED,CHSC_PSP,HIGH,"大角嘴天主教小學"
edb_511358000123,MIXED,CHSC_PSP,HIGH,"香港嘉諾撒學校"
edb_510971000123,MIXED,CHSC_PSP,HIGH,"天主教善導小學"
edb_115606000123,MIXED,CHSC_PSP,HIGH,"景林天主教小學"
edb_515000000123,MIXED,CHSC_PSP,HIGH,"油蔴地街坊會學校"
edb_513113000123,MIXED,CHSC_PSP,HIGH,"獻主會小學"
edb_115223000123,MIXED,CHSC_PSP,HIGH,"元朗朗屏邨東莞學校"
edb_115304000123,MIXED,CHSC_PSP,HIGH,"保良局方王錦全小學"
edb_511722000123,MIXED,CHSC_PSP,HIGH,"拔萃小學"
edb_115479000123,MIXED,CHSC_PSP,HIGH,"樂善堂劉德學校"
edb_115266000123,MIXED,CHSC_PSP,HIGH,"石湖墟公立學校"
edb_150770000223,MIXED,CHSC_PSP,HIGH,"聖公會聖約瑟小學"
edb_115738000123,MIXED,CHSC_PSP,HIGH,"香港潮陽小學"
edb_512664000123,MIXED,CHSC_PSP,HIGH,"天主教領島學校"
edb_114839000123,MIXED,CHSC_PSP,HIGH,"仁德天主教小學"
edb_530409000123,MIXED,CHSC_PSP,HIGH,"天水圍循道衞理小學"
edb_513768000223,MIXED,CHSC_PSP,HIGH,"秀茂坪天主教小學"
edb_512770000123,MIXED,CHSC_PSP,HIGH,"閩僑小學"
edb_518433000123,MIXED,CHSC_PSP,HIGH,"藍田循道衞理小學"
edb_512826000123,GIRLS,CHSC_PSP,HIGH,"瑪利諾修院學校（小學部）"
edb_115363000123,MIXED,CHSC_PSP,HIGH,"東華三院黃士心小學"
edb_513466000123,MIXED,CHSC_PSP,HIGH,"聖公會基顯小學"
edb_114898000123,MIXED,CHSC_PSP,HIGH,"順德聯誼總會何日東小學"
edb_511021000123,MIXED,CHSC_PSP,HIGH,"油蔴地天主教小學"
edb_115630000123,MIXED,CHSC_PSP,HIGH,"港澳信義會小學"
edb_114766000123,MIXED,CHSC_PSP,HIGH,"順德聯誼總會胡少渠紀念小學"
edb_511927000223,GIRLS,CHSC_PSP,HIGH,"協恩中學附屬小學"
edb_510750000123,MIXED,CHSC_PSP,HIGH,"北角循道學校"
edb_115711000223,MIXED,CHSC_PSP,HIGH,"嗇色園主辦可銘學校"
edb_115339000123,MIXED,CHSC_PSP,HIGH,"香海正覺蓮社佛教正覺蓮社學校"
edb_511790000123,MIXED,CHSC_PSP,HIGH,"五邑工商總會學校"
edb_115380000123,MIXED,CHSC_PSP,HIGH,"香港紅卍字會屯門卍慈小學"
edb_522007000123,MIXED,CHSC_PSP,HIGH,"黃埔宣道小學"
edb_550248000123,MIXED,CHSC_PSP,HIGH,"九龍灣聖若翰天主教小學"
edb_529770000123,MIXED,CHSC_PSP,HIGH,"獅子會何德心小學"
edb_114316000123,MIXED,CHSC_PSP,HIGH,"基督教香港信義會葵盛信義學校"
edb_539520000123,MIXED,CHSC_PSP,HIGH,"大角嘴天主教小學（海帆道）"
edb_538809000123,MIXED,CHSC_PSP,HIGH,"港澳信義會明道小學"
edb_529249000123,MIXED,CHSC_PSP,HIGH,"保良局黃永樹小學"
edb_522180000223,MIXED,CHSC_PSP,HIGH,"天主教石鐘山紀念小學"
edb_535680000123,MIXED,CHSC_PSP,HIGH,"聖公會嘉福榮真小學"
edb_540200000123,MIXED,CHSC_PSP,HIGH,"保良局志豪小學"
edb_535613000123,MIXED,CHSC_PSP,HIGH,"培僑小學"
edb_524824000123,MIXED,CHSC_PSP,HIGH,"仁愛堂田家炳小學"
edb_513849000123,MIXED,CHSC_PSP,HIGH,"路德會沙崙學校"
edb_543276000123,MIXED,CHSC_PSP,HIGH,"荔枝角天主教小學"
edb_514136000123,GIRLS,CHSC_PSP,HIGH,"嘉諾撒聖瑪利學校"
edb_535699000123,MIXED,CHSC_PSP,HIGH,"中華基督教青年會小學"
edb_514713000123,MIXED,CHSC_PSP,HIGH,"東莞同鄉會方樹泉學校"
edb_512052000123,MIXED,CHSC_PSP,HIGH,"聖公會聖匠小學"
edb_514837000123,MIXED,CHSC_PSP,HIGH,"中華基督教會灣仔堂基道小學"
edb_518468000123,MIXED,CHSC_PSP,HIGH,"東華三院王余家潔紀念小學"
edb_513083000123,MIXED,CHSC_PSP,HIGH,"啟基學校（港島）"
edb_512443000123,MIXED,CHSC_PSP,HIGH,"英皇書院同學會小學"
edb_115797000123,MIXED,CHSC_PSP,HIGH,"馬鞍山靈糧小學"
edb_513555000123,MIXED,CHSC_PSP,HIGH,"聖公會呂明才紀念小學"
edb_112550000323,MIXED,CHSC_PSP,HIGH,"圓玄學院陳國超興德小學"
edb_114472000123,MIXED,CHSC_PSP,HIGH,"聖公會主風小學"
edb_115002000223,MIXED,CHSC_PSP,HIGH,"香港九龍塘基督教中華宣道會陳元喜小學"
edb_112755000123,MIXED,CHSC_PSP,HIGH,"元朗寶覺小學"
edb_170054000123,GIRLS,CHSC_PSP,HIGH,"聖保祿天主教小學"
edb_114510000223,MIXED,CHSC_PSP,HIGH,"保良局莊啟程第二小學"
edb_114880000123,MIXED,CHSC_PSP,HIGH,"樂善堂梁黃蕙芳紀念學校"
edb_513644000123,MIXED,CHSC_PSP,HIGH,"聖公會聖提摩太小學"
edb_511420000123,MIXED,CHSC_PSP,HIGH,"陳瑞祺（喇沙）小學"
edb_560634000123,MIXED,CHSC_PSP,HIGH,"中華基督教會灣仔堂基道小學（九龍城）"
edb_112950000223,MIXED,CHSC_PSP,HIGH,"聖母無玷聖心學校"
edb_115100000123,MIXED,CHSC_PSP,HIGH,"仁濟醫院何式南小學"
edb_115460000123,MIXED,CHSC_PSP,HIGH,"沙頭角中心小學"
edb_540218000123,MIXED,CHSC_PSP,HIGH,"聖公會奉基千禧小學"
edb_543268000123,MIXED,CHSC_PSP,HIGH,"慈雲山天主教小學"
edb_512648000123,MIXED,CHSC_PSP,HIGH,"李陞大坑學校"
edb_513610000123,MIXED,CHSC_PSP,HIGH,"聖公會聖米迦勒小學"
edb_512591000123,BOYS,CHSC_PSP,HIGH,"喇沙小學"
edb_610160000223,MIXED,CHSC_PSP,HIGH,"東華三院蔡榮星小學"
edb_618128000123,MIXED,CHSC_PSP,HIGH,"救世軍中原慈善基金皇后山學校"
edb_617407000123,MIXED,CHSC_PSP,HIGH,"東華三院曾憲備小學"
edb_131806000123,MIXED,CHSC_PSP,HIGH,"耀山學校"
edb_512842000233,MIXED,CHSC_SSP,HIGH,"瑪利諾中學"
edb_524590000133,MIXED,CHSC_SSP,HIGH,"福建中學（小西灣）"
edb_511307000133,MIXED,CHSC_SSP,HIGH,"佛教黃鳳翎中學"
edb_514802000133,BOYS,CHSC_SSP,HIGH,"香港華仁書院"
edb_190586000133,MIXED,CHSC_SSP,HIGH,"保良局董玉娣中學"
edb_190144000133,MIXED,CHSC_SSP,HIGH,"荃灣公立何傳耀紀念中學"
edb_511030000333,GIRLS,CHSC_SSP,HIGH,"英華女學校"
edb_170720000133,MIXED,CHSC_SSP,HIGH,"聖公會基孝中學"
edb_190500000133,MIXED,CHSC_SSP,HIGH,"東華三院吳祥川紀念中學"
edb_190454000133,MIXED,CHSC_SSP,HIGH,"仁愛堂陳黃淑芳紀念中學"
edb_230774000133,MIXED,CHSC_SSP,HIGH,"保良局百周年李兆忠紀念中學"
edb_170461000133,MIXED,CHSC_SSP,HIGH,"保良局第一張永慶中學"
edb_623857000133,GIRLS,CHSC_SSP,HIGH,"香港真光中學"
edb_511170000133,MIXED,CHSC_SSP,HIGH,"伯特利中學"
edb_283495000333,MIXED,CHSC_SSP,HIGH,"明愛胡振中書院"
edb_270148000133,MIXED,CHSC_SSP,HIGH,"明愛粉嶺陳震夏中學"
edb_230820000133,MIXED,CHSC_SSP,HIGH,"浸信會呂明才中學"
edb_512818000133,GIRLS,CHSC_SSP,HIGH,"瑪利諾修院學校（中學部）"
edb_536547000233,MIXED,CHSC_SSP,HIGH,"東涌天主教學校"
edb_524557000133,MIXED,CHSC_SSP,HIGH,"宣道會陳朱素華紀念中學"
edb_510912000133,MIXED,CHSC_SSP,HIGH,"香港培正中學"
edb_270067000133,MIXED,CHSC_SSP,HIGH,"紡織學會美國商會胡漢輝中學"
edb_230782000133,MIXED,CHSC_SSP,HIGH,"佛教沈香林紀念中學"
edb_270083000133,MIXED,CHSC_SSP,HIGH,"保良局朱敬文中學"
edb_530247000133,MIXED,CHSC_SSP,HIGH,"基督教宣道會宣基中學"
edb_511854000133,MIXED,CHSC_SSP,HIGH,"鳳溪第一中學"
edb_190411000133,MIXED,CHSC_SSP,HIGH,"迦密唐賓南紀念中學"
edb_113794000133,GIRLS,CHSC_SSP,HIGH,"天主教母佑會蕭明中學"
edb_519006000133,MIXED,CHSC_SSP,HIGH,"獅子會蔣翠琼中學"
edb_190187000233,MIXED,CHSC_SSP,HIGH,"沙田循道衞理中學"
edb_190667000133,MIXED,CHSC_SSP,HIGH,"天主教郭得勝中學"
edb_230839000133,MIXED,CHSC_SSP,HIGH,"沙田培英中學"
edb_213195000133,MIXED,CHSC_SSP,HIGH,"聖士提反堂中學"
edb_270040000133,MIXED,CHSC_SSP,HIGH,"明愛柴灣馬登基金中學"
edb_170267000233,MIXED,CHSC_SSP,HIGH,"聖伯多祿中學"
edb_190152000133,MIXED,CHSC_SSP,HIGH,"新界西貢坑口區鄭植之中學"
edb_190195000133,MIXED,CHSC_SSP,HIGH,"聖母無玷聖心書院"
edb_230456000133,MIXED,CHSC_SSP,HIGH,"石籬天主教中學"
edb_230758000133,MIXED,CHSC_SSP,HIGH,"嶺南鍾榮光博士紀念中學"
edb_170852000233,GIRLS,CHSC_SSP,HIGH,"德貞女子中學"
edb_190578000133,MIXED,CHSC_SSP,HIGH,"東華三院盧幹庭紀念中學"
edb_190470000133,MIXED,CHSC_SSP,HIGH,"聖公會白約翰會督中學"
edb_524816000133,MIXED,CHSC_SSP,HIGH,"馬錦明慈善基金馬陳端喜紀念中學"
edb_230855000133,MIXED,CHSC_SSP,HIGH,"葵涌循道中學"
edb_270180000133,MIXED,CHSC_SSP,HIGH,"仁濟醫院董之英紀念中學"
edb_545228000133,MIXED,CHSC_SSP,HIGH,"中華基督教會方潤華中學"
edb_190560000133,MIXED,CHSC_SSP,HIGH,"迦密主恩中學"
edb_170577000133,MIXED,CHSC_SSP,HIGH,"香港四邑商工總會黃棣珊紀念中學"
edb_316628000133,MIXED,CHSC_SSP,HIGH,"天主教鳴遠中學"
edb_560499000133,MIXED,CHSC_SSP,HIGH,"金巴崙長老會耀道中學"
edb_230790000133,MIXED,CHSC_SSP,HIGH,"聖公會曾肇添中學"
edb_512869000133,GIRLS,CHSC_SSP,HIGH,"瑪利曼中學"
edb_529761000133,MIXED,CHSC_SSP,HIGH,"元朗公立中學校友會鄧兆棠中學"
edb_212318000133,MIXED,CHSC_SSP,HIGH,"神召會康樂中學"
edb_529990000233,MIXED,CHSC_SSP,HIGH,"中華傳道會劉永生中學"
edb_133078000133,MIXED,CHSC_SSP,HIGH,"樂道中學"
edb_130893000233,GIRLS,CHSC_SSP,HIGH,"九龍真光中學"
edb_190268000133,MIXED,CHSC_SSP,HIGH,"佛教黃允畋中學"
edb_510580000233,MIXED,CHSC_SSP,HIGH,"天主教培聖中學"
edb_190683000133,MIXED,CHSC_SSP,HIGH,"香港道教聯合會圓玄學院第二中學"
edb_190209000133,MIXED,CHSC_SSP,HIGH,"聖公會林裘謀中學"
edb_283002000133,MIXED,CHSC_SSP,HIGH,"聖公會聖匠中學"
edb_114120000133,MIXED,CHSC_SSP,HIGH,"恩主教書院"
edb_170755000133,MIXED,CHSC_SSP,HIGH,"保良局胡忠中學"
edb_210129000133,MIXED,CHSC_SSP,HIGH,"救恩書院"
edb_190764000133,MIXED,CHSC_SSP,HIGH,"博愛醫院陳楷紀念中學"
edb_190241000133,MIXED,CHSC_SSP,HIGH,"中華基督教會基元中學"
edb_514047000133,GIRLS,CHSC_SSP,HIGH,"嘉諾撒聖方濟各書院"
edb_190420000133,MIXED,CHSC_SSP,HIGH,"香港道教聯合會鄧顯紀念中學"
edb_190497000133,MIXED,CHSC_SSP,HIGH,"香港九龍塘基督教中華宣道會鄭榮之中學"
edb_270091000133,MIXED,CHSC_SSP,HIGH,"東華三院邱金元中學"
edb_213845000133,GIRLS,CHSC_SSP,HIGH,"寶血會上智英文書院"
edb_190390000133,MIXED,CHSC_SSP,HIGH,"台山商會中學"
edb_322857000133,MIXED,CHSC_SSP,HIGH,"新亞中學"
edb_530441000133,MIXED,CHSC_SSP,HIGH,"仁濟醫院王華湘中學"
edb_529656000133,MIXED,CHSC_SSP,HIGH,"靈糧堂劉梅軒中學"
edb_170437000133,MIXED,CHSC_SSP,HIGH,"世界龍岡學校劉皇發中學"
edb_516988000233,MIXED,CHSC_SSP,HIGH,"東華三院呂潤財紀念中學"
edb_518409000133,MIXED,CHSC_SSP,HIGH,"仁濟醫院靚次伯紀念中學"
edb_210277000133,BOYS,CHSC_SSP,HIGH,"聖芳濟書院"
edb_135712000133,MIXED,CHSC_SSP,HIGH,"基督教香港信義會信義中學"
edb_170593000133,MIXED,CHSC_SSP,HIGH,"順德聯誼總會胡兆熾中學"
edb_132209000133,BOYS,CHSC_SSP,HIGH,"鄧鏡波學校"
edb_170801000233,MIXED,CHSC_SSP,HIGH,"路德會西門英才中學"
edb_522155000133,MIXED,CHSC_SSP,HIGH,"威靈頓教育機構張沛松紀念中學"
edb_214965000133,MIXED,CHSC_SSP,HIGH,"佛教葉紀南紀念中學"
edb_170305000133,MIXED,CHSC_SSP,HIGH,"中華基督教會銘基書院"
edb_114111000133,MIXED,CHSC_SSP,HIGH,"中華傳道會安柱中學"
edb_316377000133,GIRLS,CHSC_SSP,HIGH,"嘉諾撒培德書院"
edb_512583000133,BOYS,CHSC_SSP,HIGH,"喇沙書院"
edb_230510000133,MIXED,CHSC_SSP,HIGH,"元朗商會中學"
edb_537152000233,MIXED,CHSC_SSP,HIGH,"寶覺中學"
edb_190250000133,MIXED,CHSC_SSP,HIGH,"中華基督教會基朗中學"
edb_270105000133,MIXED,CHSC_SSP,HIGH,"嗇色園主辦可藝中學"
edb_230928000133,MIXED,CHSC_SSP,HIGH,"裘錦秋中學（屯門）"
edb_190691000133,MIXED,CHSC_SSP,HIGH,"新會商會中學"
edb_190594000133,MIXED,CHSC_SSP,HIGH,"恩平工商會李琳明中學"
edb_511030000133,GIRLS,CHSC_SSP,HIGH,"英華女學校"
edb_190080000133,MIXED,CHSC_SSP,HIGH,"聖公會莫壽增會督中學"
edb_513407000133,MIXED,CHSC_SSP,HIGH,"培英中學"
edb_132756000133,MIXED,CHSC_SSP,HIGH,"路德會協同中學"
edb_190373000133,MIXED,CHSC_SSP,HIGH,"東華三院甲寅年總理中學"
edb_190110000133,MIXED,CHSC_SSP,HIGH,"東華三院陳兆民中學"
edb_190055000133,BOYS,CHSC_SSP,HIGH,"天主教慈幼會伍少梅中學"
edb_536580000133,MIXED,CHSC_SSP,HIGH,"天水圍循道衞理中學"
edb_170135000133,MIXED,CHSC_SSP,HIGH,"天主教伍華中學"
edb_214973000133,MIXED,CHSC_SSP,HIGH,"佛教孔仙洲紀念中學"
edb_190705000133,MIXED,CHSC_SSP,HIGH,"賽馬會體藝中學"
edb_170526000133,MIXED,CHSC_SSP,HIGH,"張振興伉儷書院"
edb_541168000133,MIXED,CHSC_SSP,HIGH,"順德聯誼總會翁祐中學"
edb_190780000133,MIXED,CHSC_SSP,HIGH,"曾璧山（崇蘭）中學"
edb_513997000133,MIXED,CHSC_SSP,HIGH,"聖公會聖本德中學"
edb_284955000133,MIXED,CHSC_SSP,HIGH,"香港聖公會何明華會督中學"
edb_215139000133,MIXED,CHSC_SSP,HIGH,"香港中國婦女會中學"
edb_510459000133,BOYS,CHSC_SSP,HIGH,"聖若瑟書院"
edb_310042000133,GIRLS,CHSC_SSP,HIGH,"德雅中學"
edb_541842000233,MIXED,CHSC_SSP,HIGH,"仁濟醫院羅陳楚思中學"
edb_513288000133,GIRLS,CHSC_SSP,HIGH,"香港培道中學"
edb_230910000133,MIXED,CHSC_SSP,HIGH,"博愛醫院歷屆總理聯誼會梁省德中學"
edb_212067000133,MIXED,CHSC_SSP,HIGH,"天主教新民書院"
edb_170666000133,MIXED,CHSC_SSP,HIGH,"聖公會聖三一堂中學"
edb_190519000133,MIXED,CHSC_SSP,HIGH,"東莞工商總會劉百樂中學"
edb_170364000133,MIXED,CHSC_SSP,HIGH,"可立中學（嗇色園主辦）"
edb_170410000133,GIRLS,CHSC_SSP,HIGH,"聖安當女書院"
edb_170372000133,MIXED,CHSC_SSP,HIGH,"佛教大雄中學"
edb_171000000233,MIXED,CHSC_SSP,HIGH,"嶺南衡怡紀念中學"
edb_170658000133,MIXED,CHSC_SSP,HIGH,"聖公會蔡功譜中學"
edb_133469000133,MIXED,CHSC_SSP,HIGH,"聖貞德中學"
edb_210528000133,BOYS,CHSC_SSP,HIGH,"慈幼英文學校"
edb_170089000133,MIXED,CHSC_SSP,HIGH,"東華三院黃笏南中學"
edb_170500000133,GIRLS,CHSC_SSP,HIGH,"聖母玫瑰書院"
edb_190233000133,MIXED,CHSC_SSP,HIGH,"順德聯誼總會梁銶琚中學"
edb_514144000233,MIXED,CHSC_SSP,HIGH,"聖公會聖馬利亞堂莫慶堯中學"
edb_135968000233,MIXED,CHSC_SSP,HIGH,"迦密中學"
edb_514276000133,GIRLS,CHSC_SSP,HIGH,"德蘭中學"
edb_524530000133,MIXED,CHSC_SSP,HIGH,"佛教茂峰法師紀念中學"
edb_510890000133,MIXED,CHSC_SSP,HIGH,"循道中學"
edb_170100000133,MIXED,CHSC_SSP,HIGH,"何明華會督銀禧中學"
edb_519111000233,MIXED,CHSC_SSP,HIGH,"保良局唐乃勤初中書院"
edb_171042000233,MIXED,CHSC_SSP,HIGH,"嶺南中學"
edb_513300000233,GIRLS,CHSC_SSP,HIGH,"寶血女子中學"
edb_517011000133,MIXED,CHSC_SSP,HIGH,"東華三院郭一葦中學"
edb_511650000133,MIXED,CHSC_SSP,HIGH,"中華基督教會扶輪中學"
edb_230936000133,MIXED,CHSC_SSP,HIGH,"裘錦秋中學（葵涌）"
edb_270024000133,MIXED,CHSC_SSP,HIGH,"廠商會中學"
edb_250740000133,MIXED,CHSC_SSP,HIGH,"東華三院馬振玉紀念中學"
edb_230847000133,MIXED,CHSC_SSP,HIGH,"路德會呂明才中學"
edb_190810000133,MIXED,CHSC_SSP,HIGH,"孔教學院大成何郭佩珍中學"
edb_510203000133,GIRLS,CHSC_SSP,HIGH,"嘉諾撒聖心書院"
edb_170534000133,GIRLS,CHSC_SSP,HIGH,"潔心林炳炎中學"
edb_171018000133,MIXED,CHSC_SSP,HIGH,"樂善堂梁銶琚書院"
edb_510831000133,MIXED,CHSC_SSP,HIGH,"中華基督教會基協中學"
edb_190802000133,MIXED,CHSC_SSP,HIGH,"香港中國婦女會馮堯敬紀念中學"
edb_510998000133,GIRLS,CHSC_SSP,HIGH,"聖保祿中學"
edb_190098000133,MIXED,CHSC_SSP,HIGH,"可風中學（嗇色園主辦）"
edb_170542000133,MIXED,CHSC_SSP,HIGH,"聖公會林護紀念中學"
edb_260312000133,BOYS,CHSC_SSP,HIGH,"香港航海學校"
edb_527467000233,MIXED,CHSC_SSP,HIGH,"佛教志蓮中學"
edb_190888000233,MIXED,CHSC_SSP,HIGH,"香港管理專業協會羅桂祥中學"
edb_510475000133,BOYS,CHSC_SSP,HIGH,"華仁書院（九龍）"
edb_524808000133,MIXED,CHSC_SSP,HIGH,"香港道教聯合會圓玄學院第三中學"
edb_516970000133,MIXED,CHSC_SSP,HIGH,"元朗天主教中學"
edb_170763000233,MIXED,CHSC_SSP,HIGH,"中華基督教會燕京書院"
edb_514110000233,MIXED,CHSC_SSP,HIGH,"聖馬可中學"
edb_511617000133,MIXED,CHSC_SSP,HIGH,"鐘聲慈善社胡陳金枝中學"
edb_170445000233,BOYS,CHSC_SSP,HIGH,"聖言中學"
edb_516961000133,MIXED,CHSC_SSP,HIGH,"炮台山循道衛理中學"
edb_170810000233,MIXED,CHSC_SSP,HIGH,"衞理中學"
edb_170569000133,GIRLS,CHSC_SSP,HIGH,"嘉諾撒聖家書院"
edb_170607000133,MIXED,CHSC_SSP,HIGH,"旅港開平商會中學"
edb_284939000133,MIXED,CHSC_SSP,HIGH,"棉紡會中學"
edb_530450000133,MIXED,CHSC_SSP,HIGH,"博愛醫院八十週年鄧英喜中學"
edb_213209000133,MIXED,CHSC_SSP,HIGH,"余振強紀念中學"
edb_512605000133,MIXED,CHSC_SSP,HIGH,"麗澤中學"
edb_211265000133,MIXED,CHSC_SSP,HIGH,"高主教書院"
edb_552666000133,MIXED,CHSC_SSP,HIGH,"香海正覺蓮社佛教正覺中學"
edb_530352000133,MIXED,CHSC_SSP,HIGH,"新生命教育協會平安福音中學"
edb_545201000133,MIXED,CHSC_SSP,HIGH,"港九街坊婦女會孫方中書院"
edb_190403000133,MIXED,CHSC_SSP,HIGH,"東華三院李嘉誠中學"
edb_170631000133,GIRLS,CHSC_SSP,HIGH,"真光女書院"
edb_113182000133,MIXED,CHSC_SSP,HIGH,"中華基督教會基新中學"
edb_230901000133,MIXED,CHSC_SSP,HIGH,"香港四邑商工總會陳南昌紀念中學"
edb_230472000133,MIXED,CHSC_SSP,HIGH,"李惠利中學"
edb_517020000133,MIXED,CHSC_SSP,HIGH,"保良局馬錦明中學"
edb_514330000133,MIXED,CHSC_SSP,HIGH,"西貢崇真天主教學校（中學部）"
edb_170488000133,GIRLS,CHSC_SSP,HIGH,"藍田聖保祿中學"
edb_170690000133,MIXED,CHSC_SSP,HIGH,"聖公會呂明才中學"
edb_170780000133,MIXED,CHSC_SSP,HIGH,"東華三院黃鳳翎中學"
edb_190330000133,MIXED,CHSC_SSP,HIGH,"保良局李城璧中學"
edb_170984000133,MIXED,CHSC_SSP,HIGH,"寧波第二中學"
edb_135011000133,MIXED,CHSC_SSP,HIGH,"港九潮州公會中學"
edb_524573000133,MIXED,CHSC_SSP,HIGH,"迦密聖道中學"
edb_535761000133,MIXED,CHSC_SSP,HIGH,"香港中文大學校友會聯會陳震夏中學"
edb_190071000133,MIXED,CHSC_SSP,HIGH,"聖公會聖西門呂明才中學"
edb_170968000133,MIXED,CHSC_SSP,HIGH,"順利天主教中學"
edb_190063000133,GIRLS,CHSC_SSP,HIGH,"妙法寺劉金龍中學"
edb_190020000133,MIXED,CHSC_SSP,HIGH,"新界喇沙中學"
edb_170518000133,BOYS,CHSC_SSP,HIGH,"觀塘瑪利諾書院"
edb_133124000133,GIRLS,CHSC_SSP,HIGH,"嘉諾撒書院"
edb_170925000133,MIXED,CHSC_SSP,HIGH,"新生命教育協會呂郭碧鳳中學"
edb_170844000233,BOYS,CHSC_SSP,HIGH,"聖若瑟英文中學"
edb_113840000133,MIXED,CHSC_SSP,HIGH,"中華基督教會全完中學"
edb_132918000133,MIXED,CHSC_SSP,HIGH,"加拿大神召會嘉智中學"
edb_131709000133,GIRLS,CHSC_SSP,HIGH,"聖母書院"
edb_170097000133,MIXED,CHSC_SSP,HIGH,"中華基督教會銘賢書院"
edb_522082000133,MIXED,CHSC_SSP,HIGH,"伊斯蘭脫維善紀念中學"
edb_190381000133,MIXED,CHSC_SSP,HIGH,"東華三院邱子田紀念中學"
edb_545198000133,MIXED,CHSC_SSP,HIGH,"風采中學（教育評議會主辦）"
edb_230120000133,MIXED,CHSC_SSP,HIGH,"中華基督教會何福堂書院"
edb_230812000133,MIXED,CHSC_SSP,HIGH,"東華三院馮黃鳳亭中學"
edb_230804000133,MIXED,CHSC_SSP,HIGH,"沙田蘇浙公學"
edb_230421000133,MIXED,CHSC_SSP,HIGH,"香港道教聯合會圓玄學院第一中學"
edb_230430000133,MIXED,CHSC_SSP,HIGH,"葵涌蘇浙公學"
edb_230880000133,MIXED,CHSC_SSP,HIGH,"迦密柏雨中學"
edb_230766000133,MIXED,CHSC_SSP,HIGH,"樂善堂顧超文中學"
edb_270156000133,MIXED,CHSC_SSP,HIGH,"明愛元朗陳震夏中學"
edb_514268000133,GIRLS,CHSC_SSP,HIGH,"聖士提反女子中學"
edb_270032000133,MIXED,CHSC_SSP,HIGH,"明愛屯門馬登基金中學"
edb_270202000133,MIXED,CHSC_SSP,HIGH,"中華基督教會譚李麗芬紀念中學"
edb_270172000133,MIXED,CHSC_SSP,HIGH,"佛教何南金中學"
edb_270121000133,MIXED,CHSC_SSP,HIGH,"香港布廠商會朱石麟中學"
edb_170186000133,MIXED,CHSC_SSP,HIGH,"張祝珊英文中學"
edb_311863000133,MIXED,CHSC_SSP,HIGH,"港澳信義會慕德中學"
edb_170046000133,BOYS,CHSC_SSP,HIGH,"彩虹邨天主教英文中學"
edb_170313000133,MIXED,CHSC_SSP,HIGH,"華英中學"
edb_214957000133,MIXED,CHSC_SSP,HIGH,"基督教聖約教會堅樂中學"
edb_552917000133,MIXED,CHSC_SSP,HIGH,"香港教育工作者聯會黃楚標中學"
edb_170585000133,MIXED,CHSC_SSP,HIGH,"救世軍卜維廉中學"
edb_170470000133,MIXED,CHSC_SSP,HIGH,"中華基督教會協和書院"
edb_190837000133,MIXED,CHSC_SSP,HIGH,"香港中文大學校友會聯會張煊昌中學"
edb_190527000233,MIXED,CHSC_SSP,HIGH,"沙田崇真中學"
edb_190349000133,MIXED,CHSC_SSP,HIGH,"保良局姚連生中學"
edb_190136000133,MIXED,CHSC_SSP,HIGH,"東華三院伍若瑜夫人紀念中學"
edb_170704000133,MIXED,CHSC_SSP,HIGH,"中華基督教會蒙民偉書院"
edb_522058000133,MIXED,CHSC_SSP,HIGH,"保良局馬錦明夫人章馥仙中學"
edb_522074000233,MIXED,CHSC_SSP,HIGH,"嗇色園主辦可譽中學暨可譽小學"
edb_190306000133,MIXED,CHSC_SSP,HIGH,"仁濟醫院林百欣中學"
edb_190659000133,MIXED,CHSC_SSP,HIGH,"博愛醫院鄧佩瓊紀念中學"
edb_518417000133,MIXED,CHSC_SSP,HIGH,"十八鄉鄉事委員會公益社中學"
edb_190535000133,MIXED,CHSC_SSP,HIGH,"樂善堂梁植偉紀念中學"
edb_230740000133,MIXED,CHSC_SSP,HIGH,"順德聯誼總會李兆基中學"
edb_282758000233,MIXED,CHSC_SSP,HIGH,"明愛莊月明中學"
edb_190632000133,MIXED,CHSC_SSP,HIGH,"皇仁舊生會中學"
edb_170402000133,MIXED,CHSC_SSP,HIGH,"聖文德書院"
edb_214590000133,MIXED,CHSC_SSP,HIGH,"閩僑中學"
edb_190616000133,MIXED,CHSC_SSP,HIGH,"潮州會館中學"
edb_170550000133,BOYS,CHSC_SSP,HIGH,"陳瑞祺（喇沙）書院"
edb_212431000133,MIXED,CHSC_SSP,HIGH,"文理書院（香港）"
edb_190870000133,MIXED,CHSC_SSP,HIGH,"田家炳中學"
edb_190756000133,MIXED,CHSC_SSP,HIGH,"樂善堂楊葛小琳中學"
edb_170615000133,MIXED,CHSC_SSP,HIGH,"新會商會陳白沙紀念中學"
edb_230871000133,MIXED,CHSC_SSP,HIGH,"聖公會李炳中學"
edb_214990000133,MIXED,CHSC_SSP,HIGH,"聖公會梁季彜中學"
edb_230286000233,MIXED,CHSC_SSP,HIGH,"裘錦秋中學（元朗）"
edb_270199000133,MIXED,CHSC_SSP,HIGH,"保良局甲子何玉清中學"
edb_170216000133,MIXED,CHSC_SSP,HIGH,"中華基督教會桂華山中學"
edb_511943000133,MIXED,CHSC_SSP,HIGH,"顯理中學"
edb_190489000133,MIXED,CHSC_SSP,HIGH,"保良局羅傑承（一九八三）中學"
edb_190799000133,MIXED,CHSC_SSP,HIGH,"可道中學（嗇色園主辦）"
edb_214485000233,MIXED,CHSC_SSP,HIGH,"香港仔浸信會呂明才書院"
edb_512141000233,GIRLS,CHSC_SSP,HIGH,"香港真光書院"
edb_320609000133,MIXED,CHSC_SSP,HIGH,"香港神託會培敦中學"
edb_511102000133,BOYS,CHSC_SSP,HIGH,"香港仔工業學校"
edb_214426000133,MIXED,CHSC_SSP,HIGH,"五旬節中學"
edb_213764000133,MIXED,CHSC_SSP,HIGH,"九龍塘學校（中學部）"
edb_213195000233,MIXED,CHSC_SSP,HIGH,"聖士提反堂中學"
edb_213705000133,BOYS,CHSC_SSP,HIGH,"香港鄧鏡波書院"
edb_230057000133,MIXED,CHSC_SSP,HIGH,"天主教崇德英文書院"
edb_190551000133,MIXED,CHSC_SSP,HIGH,"香海正覺蓮社佛教梁植偉中學"
edb_212725000133,MIXED,CHSC_SSP,HIGH,"聖公會鄧肇堅中學"
edb_213292000133,MIXED,CHSC_SSP,HIGH,"五旬節聖潔會永光書院"
edb_190721000133,MIXED,CHSC_SSP,HIGH,"聖公會陳融中學"
edb_190730000133,MIXED,CHSC_SSP,HIGH,"香港紅卍字會大埔卍慈中學"
edb_190462000133,MIXED,CHSC_SSP,HIGH,"廖寶珊紀念書院"
edb_190748000133,MIXED,CHSC_SSP,HIGH,"佛教大光慈航中學"
edb_190772000133,MIXED,CHSC_SSP,HIGH,"馬鞍山崇真中學"
edb_170771000233,MIXED,CHSC_SSP,HIGH,"聖芳濟各書院"
edb_190179000133,MIXED,CHSC_SSP,HIGH,"順德聯誼總會譚伯羽中學"
edb_190217000133,MIXED,CHSC_SSP,HIGH,"佛教覺光法師中學"
edb_151335000133,MIXED,CHSC_SSP,HIGH,"基督教香港信義會元朗信義中學"
edb_170933000133,MIXED,CHSC_SSP,HIGH,"香港道教聯合會青松中學"
edb_530778000133,MIXED,CHSC_SSP,HIGH,"青松侯寶垣中學"
edb_512281000133,MIXED,CHSC_SSP,HIGH,"中華基督教會基智中學"
edb_270130000133,MIXED,CHSC_SSP,HIGH,"中華基督教會馮梁結紀念中學"
edb_521981000133,MIXED,CHSC_SSP,HIGH,"馬錦明慈善基金馬可賓紀念中學"
edb_510599000133,MIXED,CHSC_SSP,HIGH,"深培中學"
edb_190896000233,MIXED,CHSC_SSP,HIGH,"香港教師會李興貴中學"
edb_524549000133,MIXED,CHSC_SSP,HIGH,"中華聖潔會靈風中學"
edb_170682000133,GIRLS,CHSC_SSP,HIGH,"梁式芝書院"
edb_170143000133,MIXED,CHSC_SSP,HIGH,"李求恩紀念中學"
edb_132764000133,MIXED,CHSC_SSP,HIGH,"基督書院"
edb_190438000133,MIXED,CHSC_SSP,HIGH,"五旬節林漢光中學"
edb_170429000233,MIXED,CHSC_SSP,HIGH,"天主教普照中學"
edb_518360000133,MIXED,CHSC_SSP,HIGH,"浸信會永隆中學"
edb_530034000133,MIXED,CHSC_SSP,HIGH,"粉嶺禮賢會中學"
edb_514101000133,BOYS,CHSC_SSP,HIGH,"聖類斯中學"
edb_210137000133,MIXED,CHSC_SSP,HIGH,"崇真書院"
edb_545147000133,MIXED,CHSC_SSP,HIGH,"靈糧堂怡文中學"
edb_518379000133,MIXED,CHSC_SSP,HIGH,"鳳溪廖萬石堂中學"
edb_541850000233,MIXED,CHSC_SSP,HIGH,"保良局何蔭棠中學"
edb_514020000133,GIRLS,CHSC_SSP,HIGH,"聖嘉勒女書院"
edb_523208000133,MIXED,CHSC_SSP,HIGH,"東華三院鄺錫坤伉儷中學"
edb_530689000133,GIRLS,CHSC_SSP,HIGH,"聖羅撒書院"
edb_518310000133,MIXED,CHSC_SSP,HIGH,"馬鞍山聖若瑟中學"
edb_230898000133,MIXED,CHSC_SSP,HIGH,"寶安商會王少清中學"
edb_214981000133,MIXED,CHSC_SSP,HIGH,"余振強紀念第二中學"
edb_512710000133,MIXED,CHSC_SSP,HIGH,"樂善堂王仲銘中學"
edb_285285000133,MIXED,CHSC_SSP,HIGH,"明愛聖若瑟中學"
edb_190284000133,MIXED,CHSC_SSP,HIGH,"路德會呂祥光中學"
edb_170623000133,MIXED,CHSC_SSP,HIGH,"東華三院張明添中學"
edb_190292000133,MIXED,CHSC_SSP,HIGH,"東華三院辛亥年總理中學"
edb_190160000133,MIXED,CHSC_SSP,HIGH,"香港九龍塘基督教中華宣道會陳瑞芝紀念中學"
edb_190357000133,MIXED,CHSC_SSP,HIGH,"迦密愛禮信中學"
edb_170453000133,MIXED,CHSC_SSP,HIGH,"樂善堂余近卿中學"
edb_190012000133,BOYS,CHSC_SSP,HIGH,"荃灣聖芳濟中學"
edb_170321000133,GIRLS,CHSC_SSP,HIGH,"聖傑靈女子中學"
edb_170283000133,MIXED,CHSC_SSP,HIGH,"東華三院李潤田紀念中學"
edb_170178000133,MIXED,CHSC_SSP,HIGH,"北角協同中學"
edb_170380000133,MIXED,CHSC_SSP,HIGH,"基督教女青年會丘佐榮中學"
edb_152196000133,MIXED,CHSC_SSP,HIGH,"圓玄學院妙法寺內明陳呂重德紀念中學"
edb_512834000133,MIXED,CHSC_SSP,HIGH,"瑪利諾神父教會學校"
edb_190446000133,MIXED,CHSC_SSP,HIGH,"南亞路德會沐恩中學"
edb_536539000133,MIXED,CHSC_SSP,HIGH,"粉嶺救恩書院"
edb_190640000133,MIXED,CHSC_SSP,HIGH,"仁愛堂田家炳中學"
edb_112810000133,MIXED,CHSC_SSP,HIGH,"王肇枝中學"
edb_518395000133,MIXED,CHSC_SSP,HIGH,"聖公會李福慶中學"
edb_191671000133,MIXED,CHSC_SSP,HIGH,"仁濟醫院第二中學"
edb_170291000133,BOYS,CHSC_SSP,HIGH,"長沙灣天主教英文中學"
edb_114081000133,GIRLS,CHSC_SSP,HIGH,"保祿六世書院"
edb_270075000133,MIXED,CHSC_SSP,HIGH,"廠商會蔡章閣中學"
edb_190101000133,MIXED,CHSC_SSP,HIGH,"佛教善德英文中學"
edb_513067000133,MIXED,CHSC_SSP,HIGH,"五育中學"
edb_523305000133,MIXED,CHSC_SSP,HIGH,"明愛馬鞍山中學"
edb_313076000133,MIXED,CHSC_SSP,HIGH,"天主教南華中學"
edb_190225000133,MIXED,CHSC_SSP,HIGH,"中華傳道會李賢堯紀念中學"
edb_214477000133,MIXED,CHSC_SSP,HIGH,"寧波公學"
edb_190853000233,MIXED,CHSC_SSP,HIGH,"景嶺書院"
edb_170976000133,MIXED,CHSC_SSP,HIGH,"高雷中學"
edb_230863000133,MIXED,CHSC_SSP,HIGH,"荔景天主教中學"
edb_210536000133,MIXED,CHSC_SSP,HIGH,"民生書院"
edb_190187000133,MIXED,CHSC_SSP,HIGH,"沙田循道衞理中學"
edb_529788000133,MIXED,CHSC_SSP,HIGH,"賽馬會萬鈞毅智書院"
edb_212636000133,MIXED,CHSC_SSP,HIGH,"獻主會聖母院書院"
edb_170208000133,MIXED,CHSC_SSP,HIGH,"禮賢會彭學高紀念中學"
edb_211990000233,MIXED,CHSC_SSP,HIGH,"中華基督教會基道中學"
edb_514128000133,GIRLS,CHSC_SSP,HIGH,"嘉諾撒聖瑪利書院"
edb_560480000133,MIXED,CHSC_SSP,HIGH,"伊利沙伯中學舊生會湯國華中學"
edb_214752000233,MIXED,CHSC_SSP,HIGH,"文理書院（九龍）"
edb_215040000133,MIXED,CHSC_SSP,HIGH,"五邑司徒浩中學"
edb_518387000133,MIXED,CHSC_SSP,HIGH,"伊利沙伯中學舊生會中學"
edb_170496000133,GIRLS,CHSC_SSP,HIGH,"德愛中學"
edb_210390000133,MIXED,CHSC_SSP,HIGH,"青年會書院"
edb_311103000233,MIXED,CHSC_SSP,HIGH,"宣道中學"
edb_190624000133,MIXED,CHSC_SSP,HIGH,"屯門天主教中學"
edb_522090000133,MIXED,CHSC_SSP,HIGH,"順德聯誼總會鄭裕彤中學"
edb_530018000133,MIXED,CHSC_SSP,HIGH,"港島民生書院"
edb_190845000133,MIXED,CHSC_SSP,HIGH,"香海正覺蓮社佛教馬錦燦紀念英文中學"
edb_190667000233,MIXED,CHSC_SSP,HIGH,"天主教郭得勝中學"
edb_512869000233,GIRLS,CHSC_SSP,HIGH,"瑪利曼中學"
edb_190780000233,MIXED,CHSC_SSP,HIGH,"曾璧山（崇蘭）中學"
edb_512605000233,MIXED,CHSC_SSP,HIGH,"麗澤中學"
edb_134724000133,MIXED,CHSC_SSP,HIGH,"滙基書院"
edb_133183000133,MIXED,CHSC_SSP,HIGH,"聖公會諸聖中學"
edb_514187000323,MIXED,CHSC_PSP,HIGH,"聖保羅男女中學附屬小學"
edb_571504000223,MIXED,CHSC_PSP,HIGH,"保良局林文燦英文小學"
edb_170070000323,BOYS,CHSC_PSP,HIGH,"聖保羅書院小學"
edb_560553000123,MIXED,CHSC_SSP,HIGH,"培僑書院"
edb_510777000123,BOYS,CHSC_SSP,HIGH,"拔萃男書院"
edb_579319000123,MIXED,CHSC_PSP,HIGH,"福建中學附屬學校"
edb_567337000123,MIXED,CHSC_SSP,HIGH,"播道書院"
edb_579530000123,MIXED,CHSC_SSP,HIGH,"基督教香港信義會宏信書院"
edb_569895000123,MIXED,CHSC_PSP,HIGH,"嶺南大學香港同學會小學"
edb_550477000123,BOYS,CHSC_PSP,HIGH,"英華小學"
edb_115207000123,MIXED,CHSC_PSP,HIGH,"保良局陸慶濤小學"
edb_512079000223,MIXED,CHSC_SSP,HIGH,"漢華中學"
edb_529796000123,MIXED,CHSC_PSP,HIGH,"保良局陳守仁小學"
edb_567353000123,MIXED,CHSC_SSP,HIGH,"香港浸會大學附屬學校王錦輝中小學"
edb_539961000123,MIXED,CHSC_PSP,HIGH,"和富慈善基金李宗德小學"
edb_571504000123,MIXED,CHSC_PSP,HIGH,"保良局林文燦英文小學"
edb_567000000123,MIXED,CHSC_PSP,HIGH,"保良局香港道教聯合會圓玄小學"
edb_542105000323,MIXED,CHSC_SSP,HIGH,"聖瑪加利男女英文中小學"
edb_540234000123,MIXED,CHSC_PSP,HIGH,"港大同學會小學"
edb_543314000223,MIXED,CHSC_SSP,HIGH,"香港華人基督教聯會真道書院"
edb_569909000123,MIXED,CHSC_PSP,HIGH,"地利亞（閩僑）英文小學"
edb_543292000323,MIXED,CHSC_SSP,HIGH,"優才（楊殷有娣）書院"
edb_543292000223,MIXED,CHSC_SSP,HIGH,"優才（楊殷有娣）書院"
edb_151807000133,MIXED,CHSC_SSP,HIGH,"基督教香港信義會心誠中學"
edb_211338000133,MIXED,CHSC_SSP,HIGH,"蘇浙公學"
edb_564419000133,MIXED,CHSC_SSP,HIGH,"啓思中學"
edb_513369000133,MIXED,CHSC_SSP,HIGH,"培僑中學"
edb_560553000133,MIXED,CHSC_SSP,HIGH,"培僑書院"
edb_560472000133,MIXED,CHSC_SSP,HIGH,"港大同學會書院"
edb_568287000133,MIXED,CHSC_SSP,HIGH,"香港青年協會李兆基書院"
edb_558044000233,MIXED,CHSC_SSP,HIGH,"保良局羅氏基金中學"
edb_536598000133,MIXED,CHSC_SSP,HIGH,"中華基金中學"
edb_558567000133,MIXED,CHSC_SSP,HIGH,"香港神託會培基書院"
edb_543314000333,MIXED,CHSC_SSP,HIGH,"香港華人基督教聯會真道書院"
edb_542105000333,MIXED,CHSC_SSP,HIGH,"聖瑪加利男女英文中小學"
edb_514209000133,BOYS,CHSC_SSP,HIGH,"聖保羅書院"
edb_552801000233,MIXED,CHSC_SSP,HIGH,"保良局顏寶鈴書院"
edb_216143000133,MIXED,CHSC_SSP,HIGH,"地利亞修女紀念學校（協和）"
edb_558060000233,MIXED,CHSC_SSP,HIGH,"林大輝中學"
edb_190829000133,MIXED,CHSC_SSP,HIGH,"羅定邦中學"
edb_552836000133,MIXED,CHSC_SSP,HIGH,"基督教中國佈道會聖道迦南書院"
edb_133477000133,MIXED,CHSC_SSP,HIGH,"慕光英文書院"
edb_558079000133,MIXED,CHSC_SSP,HIGH,"基督教崇真中學"
edb_567337000133,MIXED,CHSC_SSP,HIGH,"播道書院"
edb_510777000133,BOYS,CHSC_SSP,HIGH,"拔萃男書院"
edb_579530000133,MIXED,CHSC_SSP,HIGH,"基督教香港信義會宏信書院"
edb_552828000333,MIXED,CHSC_SSP,HIGH,"將軍澳香島中學"
edb_553700000133,MIXED,CHSC_SSP,HIGH,"中華基督教會公理書院"
edb_213039000133,MIXED,CHSC_SSP,HIGH,"地利亞修女紀念學校（協和二中）"
edb_230030000533,MIXED,CHSC_SSP,HIGH,"萬鈞伯裘書院"
edb_552844000233,MIXED,CHSC_SSP,HIGH,"萬鈞匯知中學"
edb_214930000133,MIXED,CHSC_SSP,HIGH,"地利亞修女紀念學校（百老匯）"
edb_214906000133,MIXED,CHSC_SSP,HIGH,"地利亞修女紀念學校（吉利徑）"
edb_131318000133,MIXED,CHSC_SSP,HIGH,"惠僑英文中學"
edb_536571000133,BOYS,CHSC_SSP,HIGH,"德信中學"
edb_134333000133,MIXED,CHSC_SSP,HIGH,"中聖書院"
edb_511536000333,MIXED,CHSC_SSP,HIGH,"中華基督教青年會中學"
edb_558095000233,MIXED,CHSC_SSP,HIGH,"香港兆基創意書院 (李兆基基金會贊助、香港當代文化中心主辦)"
edb_515027000233,BOYS,CHSC_SSP,HIGH,"英華書院"
edb_511960000533,MIXED,CHSC_SSP,HIGH,"香島中學"
edb_131814000133,MIXED,CHSC_SSP,HIGH,"九龍三育中學"
edb_511935000133,GIRLS,CHSC_SSP,HIGH,"協恩中學"
edb_536563000133,MIXED,CHSC_SSP,HIGH,"香港管理專業協會李國寶中學"
edb_552810000133,MIXED,CHSC_SSP,HIGH,"滙基書院（東九龍）"
edb_512079000233,MIXED,CHSC_SSP,HIGH,"漢華中學"
edb_511714000133,GIRLS,CHSC_SSP,HIGH,"拔萃女書院"
edb_190128000133,MIXED,CHSC_SSP,HIGH,"佛教筏可紀念中學"
edb_567353000133,MIXED,CHSC_SSP,HIGH,"香港浸會大學附屬學校王錦輝中小學"
edb_510980000133,MIXED,CHSC_SSP,HIGH,"聖保羅男女中學"
edb_514217000133,GIRLS,CHSC_SSP,HIGH,"聖保祿學校"
edb_132837000133,GIRLS,CHSC_SSP,HIGH,"德望學校"
edb_170712000133,MIXED,CHSC_SSP,HIGH,"聖士提反書院"
edb_536857000133,MIXED,CHSC_SSP,HIGH,"福建中學"
edb_150894000133,MIXED,CHSC_SSP,HIGH,"大埔三育中學"
edb_543292000233,MIXED,CHSC_SSP,HIGH,"優才（楊殷有娣）書院"
edb_541532000133,MIXED,CHSC_SSP,HIGH,"天水圍香島中學"
edb_512915000133,MIXED,CHSC_SSP,HIGH,"創知中學"
edb_131385000133,MIXED,CHSC_SSP,HIGH,"孔聖堂禮仁書院"
edb_549487000133,MIXED,CHSC_SSP,HIGH,"港青基信書院"
edb_131814000333,MIXED,CHSC_SSP,HIGH,"九龍三育中學"
edb_510742000223,MIXED,CHSC_PSP,HIGH,"安博官立小學"
edb_572403000123,MIXED,CHSC_PSP,HIGH,"南元朗官立小學"
edb_543551000123,MIXED,CHSC_PSP,HIGH,"深水埗官立小學"
edb_510823000123,MIXED,CHSC_PSP,HIGH,"佐敦道官立小學"
edb_510254000223,MIXED,CHSC_PSP,HIGH,"大埔官立小學"
edb_536989000123,MIXED,CHSC_PSP,HIGH,"香港南區官立小學"
edb_572373000123,MIXED,CHSC_PSP,HIGH,"觀塘官立小學（秀明道）"
edb_510157000123,MIXED,CHSC_PSP,HIGH,"北角官立小學"
edb_510530000123,MIXED,CHSC_PSP,HIGH,"觀塘官立小學"
edb_510238000123,MIXED,CHSC_PSP,HIGH,"官立嘉道理爵士小學"
edb_510360000123,MIXED,CHSC_PSP,HIGH,"元朗官立小學"
edb_510084000123,MIXED,CHSC_PSP,HIGH,"軒尼詩道官立小學"
edb_534196000123,MIXED,CHSC_PSP,HIGH,"愛秩序灣官立小學"
edb_571180000123,MIXED,CHSC_PSP,HIGH,"北角官立小學（雲景道）"
edb_510513000123,MIXED,CHSC_PSP,HIGH,"海壩街官立小學"
edb_510718000123,MIXED,CHSC_PSP,HIGH,"黃大仙官立小學"
edb_510874000123,MIXED,CHSC_PSP,HIGH,"李鄭屋官立小學"
edb_528773000123,MIXED,CHSC_PSP,HIGH,"荃灣官立小學"
edb_528781000123,MIXED,CHSC_PSP,HIGH,"般咸道官立小學"
edb_510602000123,MIXED,CHSC_PSP,HIGH,"沙田官立小學"
edb_516848000123,MIXED,CHSC_PSP,HIGH,"天水圍官立小學"
edb_510289000123,MIXED,CHSC_PSP,HIGH,"屯門官立小學"
edb_510696000123,MIXED,CHSC_PSP,HIGH,"將軍澳官立小學"
edb_510882000123,MIXED,CHSC_PSP,HIGH,"李陞小學"
edb_510050000123,MIXED,CHSC_PSP,HIGH,"農圃道官立小學"
edb_539180000123,MIXED,CHSC_PSP,HIGH,"九龍塘官立小學"
edb_510629000123,MIXED,CHSC_PSP,HIGH,"筲箕灣官立小學"
edb_510785000123,MIXED,CHSC_PSP,HIGH,"粉嶺官立小學"
edb_539171000123,MIXED,CHSC_PSP,HIGH,"馬頭涌官立小學（紅磡灣）"
edb_601667000123,MIXED,CHSC_PSP,HIGH,"軒尼詩道官立小學（銅鑼灣）"
edb_510505000123,MIXED,CHSC_PSP,HIGH,"福榮街官立小學"
edb_510130000123,MIXED,CHSC_PSP,HIGH,"馬頭涌官立小學"
edb_510688000123,MIXED,CHSC_PSP,HIGH,"塘尾道官立小學"
edb_510432000133,BOYS,CHSC_SSP,HIGH,"皇仁書院"
edb_510556000133,MIXED,CHSC_SSP,HIGH,"新界鄉議局大埔區中學"
edb_536997000133,MIXED,CHSC_SSP,HIGH,"官立嘉道理爵士中學（西九龍）"
edb_510661000133,MIXED,CHSC_SSP,HIGH,"南屯門官立中學"
edb_510483000133,MIXED,CHSC_SSP,HIGH,"元朗公立中學"
edb_510092000133,MIXED,CHSC_SSP,HIGH,"賽馬會官立中學"
edb_510467000133,MIXED,CHSC_SSP,HIGH,"荃灣官立中學"
edb_510440000133,MIXED,CHSC_SSP,HIGH,"筲箕灣官立中學"
edb_510394000133,MIXED,CHSC_SSP,HIGH,"何文田官立中學"
edb_510645000133,MIXED,CHSC_SSP,HIGH,"上水官立中學"
edb_510424000133,MIXED,CHSC_SSP,HIGH,"伊利沙伯中學"
edb_510408000133,BOYS,CHSC_SSP,HIGH,"英皇書院"
edb_510165000133,MIXED,CHSC_SSP,HIGH,"新界鄉議局元朗區中學"
edb_510700000133,MIXED,CHSC_SSP,HIGH,"將軍澳官立中學"
edb_510297000133,MIXED,CHSC_SSP,HIGH,"屯門官立中學"
edb_510076000133,MIXED,CHSC_SSP,HIGH,"梁文燕紀念中學（沙田）"
edb_510262000133,MIXED,CHSC_SSP,HIGH,"鄧肇堅維多利亞官立中學"
edb_510378000133,GIRLS,CHSC_SSP,HIGH,"庇理羅士女子中學"
edb_510416000133,MIXED,CHSC_SSP,HIGH,"觀塘官立中學"
edb_510114000133,BOYS,CHSC_SSP,HIGH,"觀塘功樂官立中學"
edb_510025000133,MIXED,CHSC_SSP,HIGH,"長洲官立中學"
edb_510033000133,MIXED,CHSC_SSP,HIGH,"金文泰中學"
edb_510041000133,MIXED,CHSC_SSP,HIGH,"粉嶺官立中學"
edb_510386000133,GIRLS,CHSC_SSP,HIGH,"何東中學"
edb_510610000133,MIXED,CHSC_SSP,HIGH,"沙田官立中學"
edb_510491000133,MIXED,CHSC_SSP,HIGH,"趙聿修紀念中學"
edb_510521000133,MIXED,CHSC_SSP,HIGH,"九龍工業學校"
edb_510270000133,MIXED,CHSC_SSP,HIGH,"天水圍官立中學"
edb_510220000133,MIXED,CHSC_SSP,HIGH,"筲箕灣東官立中學"
edb_132730000223,MIXED,CHSC_PSP,HIGH,"蘇浙小學校"
edb_598062000123,MIXED,CHSC_PSP,HIGH,"英藝英文小學"
edb_514659000123,MIXED,CHSC_PSP,HIGH,"崇真小學暨幼稚園"
edb_513350000123,MIXED,CHSC_PSP,HIGH,"香港培正小學"
edb_133566000123,MIXED,CHSC_PSP,HIGH,"聖方濟各英文小學"
edb_324477000123,MIXED,CHSC_PSP,HIGH,"香港培道小學"
edb_528617000123,GIRLS,CHSC_PSP,HIGH,"聖母小學"
edb_132047000123,MIXED,CHSC_PSP,HIGH,"香港真光中學附屬小學暨幼稚園"
edb_622079000123,MIXED,CHSC_PSP,HIGH,"安基司學校"
edb_591904000123,BOYS,CHSC_PSP,HIGH,"聖類斯中學（小學部）"
edb_210021000123,GIRLS,CHSC_PSP,HIGH,"聖嘉勒小學"
edb_216208000123,MIXED,CHSC_PSP,HIGH,"地利亞英文小學暨幼稚園"
edb_575399000123,MIXED,CHSC_PSP,HIGH,"民生書院小學"
edb_324434000123,MIXED,CHSC_PSP,HIGH,"德雅小學"
edb_132730000123,MIXED,CHSC_PSP,HIGH,"蘇浙小學校"
edb_132730000121,MIXED,CHSC_PSP,HIGH,"蘇浙小學校"
edb_517100000223,MIXED,CHSC_PSP,HIGH,"啟基學校"
edb_131350000123,MIXED,CHSC_PSP,HIGH,"聖三一堂小學"
edb_594792000123,MIXED,CHSC_PSP,HIGH,"九龍真光中學（小學部）"
edb_210706000123,GIRLS,CHSC_PSP,HIGH,"拔萃女小學"
edb_212326000123,GIRLS,CHSC_PSP,HIGH,"聖保祿學校（小學部）"
edb_151262000123,MIXED,CHSC_PSP,HIGH,"基督教香港信義會啟信學校"
edb_534285000123,MIXED,CHSC_PSP,HIGH,"激活英文小學"
edb_553867000323,MIXED,CHSC_PSP,HIGH,"國際基督教優質音樂中學暨小學"
edb_517372000123,MIXED,CHSC_PSP,HIGH,"聖士提反書院附屬小學"
edb_133442000123,MIXED,CHSC_PSP,HIGH,"九龍塘宣道小學"
edb_575240000123,MIXED,CHSC_PSP,HIGH,"高主教書院小學部"
edb_512273000223,MIXED,CHSC_PSP,HIGH,"救恩學校"
edb_588130000123,GIRLS,CHSC_PSP,HIGH,"德望小學暨幼稚園"
edb_325279000123,MIXED,CHSC_PSP,HIGH,"啟思小學"
edb_210315000121,GIRLS,CHSC_PSP,HIGH,"嘉諾撒聖心學校私立部"
edb_211303000123,BOYS,CHSC_PSP,HIGH,"聖若瑟英文小學"
edb_138177000123,MIXED,CHSC_PSP,HIGH,"九龍禮賢學校"
edb_553867000333,MIXED,CHSC_PSP,HIGH,"國際基督教優質音樂中學暨小學"
edb_114707000123,MIXED,DEFAULT,LOW,""
edb_519162000233,MIXED,DEFAULT,LOW,""
edb_171026000133,MIXED,DEFAULT,LOW,""
edb_517160000233,MIXED,DEFAULT,LOW,""
edb_519162000133,MIXED,DEFAULT,LOW,""
edb_250627000133,MIXED,DEFAULT,LOW,""
edb_250627000123,MIXED,DEFAULT,LOW,""
edb_250490000133,MIXED,DEFAULT,LOW,""
edb_250490000123,MIXED,DEFAULT,LOW,""
edb_250368000123,MIXED,DEFAULT,LOW,""
edb_250368000133,MIXED,DEFAULT,LOW,""
edb_250317000233,MIXED,DEFAULT,LOW,""
edb_250317000223,MIXED,DEFAULT,LOW,""
edb_114448000133,MIXED,DEFAULT,LOW,""
edb_114448000123,MIXED,DEFAULT,LOW,""
edb_114227000223,MIXED,DEFAULT,LOW,""
edb_114227000233,MIXED,DEFAULT,LOW,""
edb_250139000133,MIXED,DEFAULT,LOW,""
edb_250139000123,MIXED,DEFAULT,LOW,""
edb_250309000133,MIXED,DEFAULT,LOW,""
edb_250309000123,MIXED,DEFAULT,LOW,""
edb_250244000433,MIXED,DEFAULT,LOW,""
edb_250244000423,MIXED,DEFAULT,LOW,""
edb_260215002023,MIXED,DEFAULT,LOW,""
edb_260339000123,MIXED,DEFAULT,LOW,""
edb_608491000133,MIXED,DEFAULT,LOW,""
edb_260215001133,MIXED,DEFAULT,LOW,""
edb_260215000723,MIXED,DEFAULT,LOW,""
edb_260215000733,MIXED,DEFAULT,LOW,""
edb_250384000323,MIXED,DEFAULT,LOW,""
edb_250384000333,MIXED,DEFAULT,LOW,""
edb_250473000323,MIXED,DEFAULT,LOW,""
edb_250473000333,MIXED,DEFAULT,LOW,""
edb_260215001123,MIXED,DEFAULT,LOW,""
edb_250732000223,MIXED,DEFAULT,LOW,""
edb_250449000233,MIXED,DEFAULT,LOW,""
edb_250449000223,MIXED,DEFAULT,LOW,""
edb_250546000133,MIXED,DEFAULT,LOW,""
edb_250546000123,MIXED,DEFAULT,LOW,""
edb_250228000223,MIXED,DEFAULT,LOW,""
edb_250228000233,MIXED,DEFAULT,LOW,""
edb_250422000233,MIXED,DEFAULT,LOW,""
edb_250422000223,MIXED,DEFAULT,LOW,""
edb_250627000233,MIXED,DEFAULT,LOW,""
edb_250627000223,MIXED,DEFAULT,LOW,""
edb_250147000123,MIXED,DEFAULT,LOW,""
edb_250147000133,MIXED,DEFAULT,LOW,""
edb_250589000333,MIXED,DEFAULT,LOW,""
edb_250589000323,MIXED,DEFAULT,LOW,""
edb_260150000123,MIXED,DEFAULT,LOW,""
edb_260150000133,MIXED,DEFAULT,LOW,""
edb_618276000133,MIXED,DEFAULT,LOW,""
edb_618276000123,MIXED,DEFAULT,LOW,""
edb_250538000123,MIXED,DEFAULT,LOW,""
edb_250732000233,MIXED,DEFAULT,LOW,""
edb_260266000133,MIXED,DEFAULT,LOW,""
edb_250589000123,MIXED,DEFAULT,LOW,""
edb_250031000123,MIXED,DEFAULT,LOW,""
edb_250031000133,MIXED,DEFAULT,LOW,""
edb_250325000323,MIXED,DEFAULT,LOW,""
edb_250325000333,MIXED,DEFAULT,LOW,""
edb_250538000133,MIXED,DEFAULT,LOW,""
edb_260142000133,MIXED,DEFAULT,LOW,""
edb_250333000323,MIXED,DEFAULT,LOW,""
edb_250341000123,MIXED,DEFAULT,LOW,""
edb_250201000123,MIXED,DEFAULT,LOW,""
edb_250619000223,MIXED,DEFAULT,LOW,""
edb_260142000123,MIXED,DEFAULT,LOW,""
edb_250201000133,MIXED,DEFAULT,LOW,""
edb_250333000333,MIXED,DEFAULT,LOW,""
edb_250236000123,MIXED,DEFAULT,LOW,""
edb_250236000133,MIXED,DEFAULT,LOW,""
edb_250465000323,MIXED,DEFAULT,LOW,""
edb_250619000233,MIXED,DEFAULT,LOW,""
edb_250465000333,MIXED,DEFAULT,LOW,""
edb_250651000133,MIXED,DEFAULT,LOW,""
edb_250082000133,MIXED,DEFAULT,LOW,""
edb_250651000123,MIXED,DEFAULT,LOW,""
edb_250082000123,MIXED,DEFAULT,LOW,""
edb_250074000233,MIXED,DEFAULT,LOW,""
edb_250074000223,MIXED,DEFAULT,LOW,""
edb_250520000233,MIXED,DEFAULT,LOW,""
edb_250503000123,MIXED,DEFAULT,LOW,""
edb_260320000123,MIXED,DEFAULT,LOW,""
edb_112526000123,MIXED,DEFAULT,LOW,""
edb_250406000233,MIXED,DEFAULT,LOW,""
edb_250503000133,MIXED,DEFAULT,LOW,""
edb_250406000223,MIXED,DEFAULT,LOW,""
edb_112526000133,MIXED,DEFAULT,LOW,""
edb_250163000123,MIXED,DEFAULT,LOW,""
edb_250341000133,MIXED,DEFAULT,LOW,""
edb_250350000123,MIXED,DEFAULT,LOW,""
edb_250350000133,MIXED,DEFAULT,LOW,""
edb_250376000133,MIXED,DEFAULT,LOW,""
edb_250457000233,MIXED,DEFAULT,LOW,""
edb_250376000123,MIXED,DEFAULT,LOW,""
edb_250457000223,MIXED,DEFAULT,LOW,""
edb_250163000133,MIXED,DEFAULT,LOW,""
edb_250520000223,MIXED,DEFAULT,LOW,""
edb_250112000133,MIXED,DEFAULT,LOW,""
edb_250112000123,MIXED,DEFAULT,LOW,""
edb_260339000133,MIXED,DEFAULT,LOW,""
edb_260282000133,MIXED,DEFAULT,LOW,""
edb_260320000133,MIXED,DEFAULT,LOW,""
edb_260290000123,MIXED,DEFAULT,LOW,""
edb_250279000123,MIXED,DEFAULT,LOW,""
edb_250279000133,MIXED,DEFAULT,LOW,""
edb_260290000133,MIXED,DEFAULT,LOW,""
edb_260037000133,MIXED,DEFAULT,LOW,""
edb_260037000123,MIXED,DEFAULT,LOW,""
edb_260304000223,MIXED,DEFAULT,LOW,""
edb_260304000233,MIXED,DEFAULT,LOW,""
edb_250600000333,MIXED,DEFAULT,LOW,""
edb_250481000133,MIXED,DEFAULT,LOW,""
edb_250392000223,MIXED,DEFAULT,LOW,""
edb_250392000233,MIXED,DEFAULT,LOW,""
edb_250481000123,MIXED,DEFAULT,LOW,""
edb_324574000223,MIXED,DEFAULT,LOW,""
edb_250635000133,MIXED,DEFAULT,LOW,""
edb_250635000123,MIXED,DEFAULT,LOW,""
edb_250210000233,MIXED,DEFAULT,LOW,""
edb_250210000223,MIXED,DEFAULT,LOW,""
edb_324574000233,MIXED,DEFAULT,LOW,""
edb_250414000333,MIXED,DEFAULT,LOW,""
edb_250414000323,MIXED,DEFAULT,LOW,""
edb_260266000123,MIXED,DEFAULT,LOW,""
edb_250589000133,MIXED,DEFAULT,LOW,""
edb_250600000323,MIXED,DEFAULT,LOW,""
edb_154105000233,MIXED,DEFAULT,LOW,""
edb_313343000233,MIXED,DEFAULT,LOW,""
edb_154105000223,MIXED,DEFAULT,LOW,""
edb_615471000123,MIXED,DEFAULT,LOW,""
edb_313343000223,MIXED,DEFAULT,LOW,""
edb_615471000133,MIXED,DEFAULT,LOW,""
edb_260215002033,MIXED,DEFAULT,LOW,""
edb_260215001923,MIXED,DEFAULT,LOW,""
edb_260215001933,MIXED,DEFAULT,LOW,""
edb_260215001733,MIXED,DEFAULT,LOW,""
edb_260215001723,MIXED,DEFAULT,LOW,""
edb_260215000133,MIXED,DEFAULT,LOW,""
edb_260215000123,MIXED,DEFAULT,LOW,""
edb_260215000333,MIXED,DEFAULT,LOW,""
edb_260215001433,MIXED,DEFAULT,LOW,""
edb_260215001033,MIXED,DEFAULT,LOW,""
edb_260215000633,MIXED,DEFAULT,LOW,""
edb_260215000623,MIXED,DEFAULT,LOW,""
edb_260215000533,MIXED,DEFAULT,LOW,""
edb_260215000833,MIXED,DEFAULT,LOW,""
edb_260215000823,MIXED,DEFAULT,LOW,""
edb_260215001023,MIXED,DEFAULT,LOW,""
edb_260215000523,MIXED,DEFAULT,LOW,""
edb_260215000923,MIXED,DEFAULT,LOW,""
edb_260215000933,MIXED,DEFAULT,LOW,""
edb_260215001223,MIXED,DEFAULT,LOW,""
edb_260215000233,MIXED,DEFAULT,LOW,""
edb_260215001233,MIXED,DEFAULT,LOW,""
edb_260215001333,MIXED,DEFAULT,LOW,""
edb_260215001323,MIXED,DEFAULT,LOW,""
edb_260215001623,MIXED,DEFAULT,LOW,""
edb_260215001523,MIXED,DEFAULT,LOW,""
edb_260215001633,MIXED,DEFAULT,LOW,""
edb_260215001533,MIXED,DEFAULT,LOW,""
edb_260215001423,MIXED,DEFAULT,LOW,""
edb_260215000433,MIXED,DEFAULT,LOW,""
edb_260215000223,MIXED,DEFAULT,LOW,""
edb_260215000323,MIXED,DEFAULT,LOW,""
edb_260215000423,MIXED,DEFAULT,LOW,""
edb_231622000133,MIXED,DEFAULT,LOW,""
edb_190543000123,MIXED,DEFAULT,LOW,""
edb_170887000123,MIXED,DEFAULT,LOW,""
edb_171034000123,MIXED,DEFAULT,LOW,""
edb_170879000123,MIXED,DEFAULT,LOW,""
edb_170860000123,MIXED,DEFAULT,LOW,""
edb_171034000223,MIXED,DEFAULT,LOW,""
edb_170348000123,MIXED,DEFAULT,LOW,""
edb_250686000223,MIXED,DEFAULT,LOW,""
edb_170895000123,MIXED,DEFAULT,LOW,""
edb_170909000123,MIXED,DEFAULT,LOW,""
edb_170747000123,MIXED,DEFAULT,LOW,""
edb_170399000133,MIXED,DEFAULT,LOW,""
edb_190314000233,MIXED,DEFAULT,LOW,""
edb_170836000133,MIXED,DEFAULT,LOW,""
edb_250686000233,MIXED,DEFAULT,LOW,""
edb_170992000133,MIXED,DEFAULT,LOW,""
edb_170917000133,MIXED,DEFAULT,LOW,""
edb_511072000133,MIXED,DEFAULT,LOW,""
edb_534579000123,MIXED,DEFAULT,LOW,""
edb_548430000623,MIXED,DEFAULT,LOW,""
edb_570370000423,MIXED,DEFAULT,LOW,""
edb_216186000423,MIXED,DEFAULT,LOW,""
edb_215406000423,MIXED,DEFAULT,LOW,""
edb_605557000123,MIXED,DEFAULT,LOW,""
edb_325147000223,MIXED,DEFAULT,LOW,""
edb_215791000123,MIXED,DEFAULT,LOW,""
edb_215406000123,MIXED,DEFAULT,LOW,""
edb_214558000221,MIXED,DEFAULT,LOW,""
edb_216011000523,MIXED,DEFAULT,LOW,""
edb_230987000123,MIXED,DEFAULT,LOW,""
edb_518620000123,MIXED,DEFAULT,LOW,""
edb_527882000123,MIXED,DEFAULT,LOW,""
edb_317357000123,MIXED,DEFAULT,LOW,""
edb_216186000323,MIXED,DEFAULT,LOW,""
edb_518620000223,MIXED,DEFAULT,LOW,""
edb_590800000123,MIXED,DEFAULT,LOW,""
edb_287695000223,MIXED,DEFAULT,LOW,""
edb_216003000223,MIXED,DEFAULT,LOW,""
edb_598356000223,MIXED,DEFAULT,LOW,""
edb_213772000123,MIXED,DEFAULT,LOW,""
edb_215520000123,MIXED,DEFAULT,LOW,""
edb_216127000123,MIXED,DEFAULT,LOW,""
edb_214558000123,MIXED,DEFAULT,LOW,""
edb_216275000623,MIXED,DEFAULT,LOW,""
edb_325147000623,MIXED,DEFAULT,LOW,""
edb_522775000123,MIXED,DEFAULT,LOW,""
edb_539155000323,MIXED,DEFAULT,LOW,""
edb_325147000423,MIXED,DEFAULT,LOW,""
edb_216216000123,MIXED,DEFAULT,LOW,""
edb_215589000123,MIXED,DEFAULT,LOW,""
edb_214949000523,MIXED,DEFAULT,LOW,""
edb_541915000123,MIXED,DEFAULT,LOW,""
edb_570370000323,MIXED,DEFAULT,LOW,""
edb_214558000121,MIXED,DEFAULT,LOW,""
edb_518620000423,MIXED,DEFAULT,LOW,""
edb_214949000123,MIXED,DEFAULT,LOW,""
edb_606766000123,MIXED,DEFAULT,LOW,""
edb_603902000123,MIXED,DEFAULT,LOW,""
edb_607525000123,MIXED,DEFAULT,LOW,""
edb_214949000723,MIXED,DEFAULT,LOW,""
edb_230979000123,MIXED,DEFAULT,LOW,""
edb_534579000133,MIXED,DEFAULT,LOW,""
edb_215406000433,MIXED,DEFAULT,LOW,""
edb_548430000633,MIXED,DEFAULT,LOW,""
edb_216186000433,MIXED,DEFAULT,LOW,""
edb_570370000333,MIXED,DEFAULT,LOW,""
edb_598356000333,MIXED,DEFAULT,LOW,""
edb_605557000133,MIXED,DEFAULT,LOW,""
edb_215791000133,MIXED,DEFAULT,LOW,""
edb_216003000433,MIXED,DEFAULT,LOW,""
edb_216011000533,MIXED,DEFAULT,LOW,""
edb_287695000233,MIXED,DEFAULT,LOW,""
edb_230987000233,MIXED,DEFAULT,LOW,""
edb_215996000133,MIXED,DEFAULT,LOW,""
edb_539155000333,MIXED,DEFAULT,LOW,""
edb_214558000133,MIXED,DEFAULT,LOW,""
edb_215589000133,MIXED,DEFAULT,LOW,""
edb_216275000633,MIXED,DEFAULT,LOW,""
edb_216216000133,MIXED,DEFAULT,LOW,""
edb_213772000233,MIXED,DEFAULT,LOW,""
edb_590800000133,MIXED,DEFAULT,LOW,""
edb_230987000133,MIXED,DEFAULT,LOW,""
edb_214949000433,MIXED,DEFAULT,LOW,""
edb_578789000133,MIXED,DEFAULT,LOW,""
edb_317357000133,MIXED,DEFAULT,LOW,""
edb_606766000133,MIXED,DEFAULT,LOW,""
edb_603902000133,MIXED,DEFAULT,LOW,""
edb_214949000733,MIXED,DEFAULT,LOW,""
edb_130060000123,MIXED,DEFAULT,LOW,""
edb_603600000123,MIXED,DEFAULT,LOW,""
edb_543560000423,MIXED,DEFAULT,LOW,""
edb_626902000123,MIXED,DEFAULT,LOW,""
edb_615285000123,MIXED,DEFAULT,LOW,""
edb_607371000223,MIXED,DEFAULT,LOW,""
edb_589055000123,MIXED,DEFAULT,LOW,""
edb_609781000123,MIXED,DEFAULT,LOW,""
edb_609781000223,MIXED,DEFAULT,LOW,""
edb_112720000123,MIXED,DEFAULT,LOW,""
edb_596140000123,MIXED,DEFAULT,LOW,""
edb_617334000123,MIXED,DEFAULT,LOW,""
edb_620548000123,MIXED,DEFAULT,LOW,""
edb_617334000223,MIXED,DEFAULT,LOW,""
edb_620785000123,MIXED,DEFAULT,LOW,""
edb_606812000123,MIXED,DEFAULT,LOW,""
edb_571130000323,MIXED,DEFAULT,LOW,""
edb_609498000223,MIXED,DEFAULT,LOW,""
edb_619957000123,MIXED,DEFAULT,LOW,""
edb_609498000123,MIXED,DEFAULT,LOW,""
edb_216224000123,MIXED,DEFAULT,LOW,""
edb_607290000123,MIXED,DEFAULT,LOW,""
edb_605638000123,MIXED,DEFAULT,LOW,""
edb_608327000123,MIXED,DEFAULT,LOW,""
edb_579009000123,MIXED,DEFAULT,LOW,""
edb_607819000123,MIXED,DEFAULT,LOW,""
edb_611751000123,MIXED,DEFAULT,LOW,""
edb_608319000223,MIXED,DEFAULT,LOW,""
edb_587567000123,MIXED,DEFAULT,LOW,""
edb_617393000123,MIXED,DEFAULT,LOW,""
edb_512516000123,MIXED,DEFAULT,LOW,""
edb_590371000223,MIXED,DEFAULT,LOW,""
edb_567485000123,MIXED,DEFAULT,LOW,""
edb_569836000123,MIXED,DEFAULT,LOW,""
edb_569747000223,MIXED,DEFAULT,LOW,""
edb_581259000123,MIXED,DEFAULT,LOW,""
edb_592188000123,MIXED,DEFAULT,LOW,""
edb_513725000123,MIXED,DEFAULT,LOW,""
edb_560138000223,MIXED,DEFAULT,LOW,""
edb_553190000323,MIXED,DEFAULT,LOW,""
edb_216232000123,MIXED,DEFAULT,LOW,""
edb_212466000423,MIXED,DEFAULT,LOW,""
edb_289515000123,MIXED,DEFAULT,LOW,""
edb_600814000123,MIXED,DEFAULT,LOW,""
edb_626864000133,MIXED,DEFAULT,LOW,""
edb_623067000133,MIXED,DEFAULT,LOW,""
edb_215287000933,MIXED,DEFAULT,LOW,""
edb_543560000433,MIXED,DEFAULT,LOW,""
edb_607371000233,MIXED,DEFAULT,LOW,""
edb_289094000233,MIXED,DEFAULT,LOW,""
edb_289094000232,MIXED,DEFAULT,LOW,""
edb_289094000231,MIXED,DEFAULT,LOW,""
edb_240656000234,MIXED,DEFAULT,LOW,""
edb_609498000133,MIXED,DEFAULT,LOW,""
edb_609781000133,MIXED,DEFAULT,LOW,""
edb_609781000233,MIXED,DEFAULT,LOW,""
edb_627267000133,MIXED,DEFAULT,LOW,""
edb_609498000233,MIXED,DEFAULT,LOW,""
edb_215287001134,MIXED,DEFAULT,LOW,""
edb_215287001234,MIXED,DEFAULT,LOW,""
edb_617334000133,MIXED,DEFAULT,LOW,""
edb_315699000333,MIXED,DEFAULT,LOW,""
edb_617334000233,MIXED,DEFAULT,LOW,""
edb_625264000133,MIXED,DEFAULT,LOW,""
edb_533343000134,MIXED,DEFAULT,LOW,""
edb_524867000131,MIXED,DEFAULT,LOW,""
edb_524867000132,MIXED,DEFAULT,LOW,""
edb_612820000133,MIXED,DEFAULT,LOW,""
edb_615137000133,MIXED,DEFAULT,LOW,""
edb_596140000233,MIXED,DEFAULT,LOW,""
edb_621374000133,MIXED,DEFAULT,LOW,""
edb_215287001534,MIXED,DEFAULT,LOW,""
edb_616354000133,MIXED,DEFAULT,LOW,""
edb_607819000133,MIXED,DEFAULT,LOW,""
edb_611751000133,MIXED,DEFAULT,LOW,""
edb_542644000134,MIXED,DEFAULT,LOW,""
edb_215287001334,MIXED,DEFAULT,LOW,""
edb_215287001034,MIXED,DEFAULT,LOW,""
edb_608319000233,MIXED,DEFAULT,LOW,""
edb_608327000133,MIXED,DEFAULT,LOW,""
edb_531880000134,MIXED,DEFAULT,LOW,""
edb_581259000133,MIXED,DEFAULT,LOW,""
edb_567485000133,MIXED,DEFAULT,LOW,""
edb_567450000133,MIXED,DEFAULT,LOW,""
edb_226564000234,MIXED,DEFAULT,LOW,""
edb_553190000333,MIXED,DEFAULT,LOW,""
edb_569836000133,MIXED,DEFAULT,LOW,""
edb_513725000133,MIXED,DEFAULT,LOW,""
edb_560138000233,MIXED,DEFAULT,LOW,""
edb_569747000233,MIXED,DEFAULT,LOW,""
edb_526720000134,MIXED,DEFAULT,LOW,""
edb_517569000134,MIXED,DEFAULT,LOW,""
edb_215287001434,MIXED,DEFAULT,LOW,""
edb_289515000133,MIXED,DEFAULT,LOW,""
edb_605638000133,MIXED,DEFAULT,LOW,""